<?xml version='1.0' standalone='yes' ?>
<LVData xmlns="http://www.ni.com/LVData">
<Version>13.0f2</Version>
<Object>
<Name>SimEngine out</Name>
<NumLevels>1</NumLevels>
<Class>NI_Robotics_Simulator.lvlib:ODESimulator_Engine.lvclass</Class>
<Version>1.0.0.29</Version>
<Cluster>
<Name>ODESimulator_Engine.lvclass</Name>
<NumElts>17</NumElts>
<Refnum>
<Name>World</Name>
<RefKind>Generic</RefKind>
<RefType>LVODE</RefType>
<Val>0x00000000</Val>
</Refnum>
<Refnum>
<Name>Space</Name>
<RefKind>Generic</RefKind>
<RefType>LVODE</RefType>
<Val>0x00000000</Val>
</Refnum>
<Refnum>
<Name>JointGroupID</Name>
<RefKind>Generic</RefKind>
<RefType>LVODE</RefType>
<Val>0x00000000</Val>
</Refnum>
<Refnum>
<Name>Scene</Name>
<RefKind>LV Object</RefKind>
<RefType>Scene</RefType>
<Val>0x6F600F61</Val>
</Refnum>
<Object>
<Name>NISAST Event</Name>
<NumLevels>1</NumLevels>
<Class>NI_Robotics_Simulator.lvlib:ODESimulator_Event.lvclass</Class>
<Version>0.0.0.0</Version>
</Object>
<Object>
<Name>Environment</Name>
<NumLevels>2</NumLevels>
<Class>NI_Robotics_Simulator.lvlib:3D_Physics_Plane.lvclass</Class>
<Version>1.0.0.1</Version>
<Version>1.0.0.16</Version>
<Cluster>
<Name>3D_Physics_Base.lvclass</Name>
<NumElts>18</NumElts>
<String>
<Name>ID</Name>
<Val>Flat Ground</Val>
</String>
<Cluster>
<Name>Position</Name>
<NumElts>3</NumElts>
<SGL>
<Name>X</Name>
<Val>0.00000</Val>
</SGL>
<SGL>
<Name>Y</Name>
<Val>0.00000</Val>
</SGL>
<SGL>
<Name>Z</Name>
<Val>0.00000</Val>
</SGL>
</Cluster>
<Cluster>
<Name>Rotation</Name>
<NumElts>2</NumElts>
<Cluster>
<Name>Axis</Name>
<NumElts>3</NumElts>
<SGL>
<Name>X</Name>
<Val>0.00000</Val>
</SGL>
<SGL>
<Name>Y</Name>
<Val>0.00000</Val>
</SGL>
<SGL>
<Name>Z</Name>
<Val>1.00000</Val>
</SGL>
</Cluster>
<SGL>
<Name>Angle</Name>
<Val>0.00000</Val>
</SGL>
</Cluster>
<SGL>
<Name>Mass</Name>
<Val>0.00000</Val>
</SGL>
<Array>
<Name>Mass Center</Name>
<Dimsize>0</Dimsize>
<SGL>
<Name>num</Name>
<Val></Val>
</SGL>
</Array>
<Array>
<Name>Inertia Matrix</Name>
<Dimsize>3</Dimsize>
<Dimsize>3</Dimsize>
<SGL>
<Name></Name>
<Val>0.00000</Val>
</SGL>
<SGL>
<Name></Name>
<Val>0.00000</Val>
</SGL>
<SGL>
<Name></Name>
<Val>0.00000</Val>
</SGL>
<SGL>
<Name></Name>
<Val>0.00000</Val>
</SGL>
<SGL>
<Name></Name>
<Val>0.00000</Val>
</SGL>
<SGL>
<Name></Name>
<Val>0.00000</Val>
</SGL>
<SGL>
<Name></Name>
<Val>0.00000</Val>
</SGL>
<SGL>
<Name></Name>
<Val>0.00000</Val>
</SGL>
<SGL>
<Name></Name>
<Val>0.00000</Val>
</SGL>
</Array>
<U16>
<Name>Material</Name>
<Val>9</Val>
</U16>
<Cluster>
<Name>Color</Name>
<NumElts>4</NumElts>
<SGL>
<Name>Red</Name>
<Val>1.00000</Val>
</SGL>
<SGL>
<Name>Green</Name>
<Val>1.00000</Val>
</SGL>
<SGL>
<Name>Blue</Name>
<Val>1.00000</Val>
</SGL>
<SGL>
<Name>Alpha</Name>
<Val>1.00000</Val>
</SGL>
</Cluster>
<Path>
<Name>Model File (.ive)</Name>
<Val></Val>
</Path>
<Path>
<Name>Model File (.stl)</Name>
<Val></Val>
</Path>
<Path>
<Name>Texture File (.png)</Name>
<Val></Val>
</Path>
<String>
<Name>Sub-Space</Name>
<Val></Val>
</String>
<Boolean>
<Name>Kinematic</Name>
<Val>1</Val>
</Boolean>
<Boolean>
<Name>Visible</Name>
<Val>1</Val>
</Boolean>
<U16>
<Name>Draw Mode</Name>
<Val>1</Val>
</U16>
<Refnum>
<Name>3D Object</Name>
<RefKind>LV Object</RefKind>
<RefType>Scene</RefType>
<Val>0x6F700F5B</Val>
</Refnum>
<Refnum>
<Name>ODE Body</Name>
<RefKind>Generic</RefKind>
<RefType>LVODE</RefType>
<Val>0x00000000</Val>
</Refnum>
<Array>
<Name>Visual Model Offset</Name>
<Dimsize>4</Dimsize>
<Dimsize>4</Dimsize>
<SGL>
<Name></Name>
<Val>1.00000</Val>
</SGL>
<SGL>
<Name></Name>
<Val>0.00000</Val>
</SGL>
<SGL>
<Name></Name>
<Val>0.00000</Val>
</SGL>
<SGL>
<Name></Name>
<Val>0.00000</Val>
</SGL>
<SGL>
<Name></Name>
<Val>0.00000</Val>
</SGL>
<SGL>
<Name></Name>
<Val>1.00000</Val>
</SGL>
<SGL>
<Name></Name>
<Val>0.00000</Val>
</SGL>
<SGL>
<Name></Name>
<Val>0.00000</Val>
</SGL>
<SGL>
<Name></Name>
<Val>0.00000</Val>
</SGL>
<SGL>
<Name></Name>
<Val>0.00000</Val>
</SGL>
<SGL>
<Name></Name>
<Val>1.00000</Val>
</SGL>
<SGL>
<Name></Name>
<Val>0.00000</Val>
</SGL>
<SGL>
<Name></Name>
<Val>0.00000</Val>
</SGL>
<SGL>
<Name></Name>
<Val>0.00000</Val>
</SGL>
<SGL>
<Name></Name>
<Val>0.00000</Val>
</SGL>
<SGL>
<Name></Name>
<Val>1.00000</Val>
</SGL>
</Array>
</Cluster>
<Cluster>
</Cluster>
</Object>
<Array>
<Name>Robots</Name>
<Dimsize>1</Dimsize>
<Object>
<Name>ODESimulator.lvlib:NI_Robotics_ODESim_Base Robot.lvclass</Name>
<NumLevels>2</NumLevels>
<Class>NI_Robotics_Simulator.lvlib:ODESimulator_iRobot_Create.lvclass</Class>
<Version>1.0.0.3</Version>
<Version>1.0.0.16</Version>
<Cluster>
<Name>ODESimulator_Base_Robot.lvclass</Name>
<NumElts>11</NumElts>
<String>
<Name>ID</Name>
<Val>iRobot Create_R0</Val>
</String>
<String>
<Name>Type</Name>
<Val></Val>
</String>
<Cluster>
<Name>Position</Name>
<NumElts>3</NumElts>
<SGL>
<Name>X</Name>
<Val>2.00000</Val>
</SGL>
<SGL>
<Name>Y</Name>
<Val>2.00000</Val>
</SGL>
<SGL>
<Name>Z</Name>
<Val>5.00000E-2</Val>
</SGL>
</Cluster>
<Cluster>
<Name>Rotation</Name>
<NumElts>2</NumElts>
<Cluster>
<Name>Axis</Name>
<NumElts>3</NumElts>
<SGL>
<Name>X</Name>
<Val>8.68266E-2</Val>
</SGL>
<SGL>
<Name>Y</Name>
<Val>-8.68266E-2</Val>
</SGL>
<SGL>
<Name>Z</Name>
<Val>-0.99243</Val>
</SGL>
</Cluster>
<SGL>
<Name>Angle</Name>
<Val>1.57839</Val>
</SGL>
</Cluster>
<Array>
<Name>Sensors</Name>
<Dimsize>10</Dimsize>
<Object>
<Name>NI_Robotics_Simulator.lvlib:ODESimulator_Base_Sensor.lvclass</Name>
<NumLevels>2</NumLevels>
<Class>NI_Robotics_Simulator.lvlib:ODESimulator_Distance.lvclass</Class>
<Version>1.0.0.4</Version>
<Version>1.0.0.8</Version>
<Cluster>
<Name>ODESimulator_Base_Sensor.lvclass</Name>
<NumElts>10</NumElts>
<String>
<Name>ID</Name>
<Val>Cliff Sensor 0</Val>
</String>
<String>
<Name>Type</Name>
<Val></Val>
</String>
<String>
<Name>Owner ID</Name>
<Val>iRobot Create_R0</Val>
</String>
<String>
<Name>Servo ID</Name>
<Val></Val>
</String>
<Object>
<Name>Base Prop</Name>
<NumLevels>2</NumLevels>
<Class>NI_Robotics_Simulator.lvlib:3D_Physics_Box.lvclass</Class>
<Version>1.0.0.1</Version>
<Version>1.0.0.16</Version>
<Cluster>
<Name>3D_Physics_Base.lvclass</Name>
<NumElts>18</NumElts>
<String>
<Name>ID</Name>
<Val>Cliff Sensor 0</Val>
</String>
<Cluster>
<Name>Position</Name>
<NumElts>3</NumElts>
<SGL>
<Name>X</Name>
<Val>-0.14000</Val>
</SGL>
<SGL>
<Name>Y</Name>
<Val>7.00000E-2</Val>
</SGL>
<SGL>
<Name>Z</Name>
<Val>-4.00000E-2</Val>
</SGL>
</Cluster>
<Cluster>
<Name>Rotation</Name>
<NumElts>2</NumElts>
<Cluster>
<Name>Axis</Name>
<NumElts>3</NumElts>
<SGL>
<Name>X</Name>
<Val>1.00000</Val>
</SGL>
<SGL>
<Name>Y</Name>
<Val>0.00000</Val>
</SGL>
<SGL>
<Name>Z</Name>
<Val>0.00000</Val>
</SGL>
</Cluster>
<SGL>
<Name>Angle</Name>
<Val>-1.57080</Val>
</SGL>
</Cluster>
<SGL>
<Name>Mass</Name>
<Val>0.10000</Val>
</SGL>
<Array>
<Name>Mass Center</Name>
<Dimsize>0</Dimsize>
<SGL>
<Name>num</Name>
<Val></Val>
</SGL>
</Array>
<Array>
<Name>Inertia Matrix</Name>
<Dimsize>3</Dimsize>
<Dimsize>3</Dimsize>
<SGL>
<Name></Name>
<Val>0.00000</Val>
</SGL>
<SGL>
<Name></Name>
<Val>0.00000</Val>
</SGL>
<SGL>
<Name></Name>
<Val>0.00000</Val>
</SGL>
<SGL>
<Name></Name>
<Val>0.00000</Val>
</SGL>
<SGL>
<Name></Name>
<Val>0.00000</Val>
</SGL>
<SGL>
<Name></Name>
<Val>0.00000</Val>
</SGL>
<SGL>
<Name></Name>
<Val>0.00000</Val>
</SGL>
<SGL>
<Name></Name>
<Val>0.00000</Val>
</SGL>
<SGL>
<Name></Name>
<Val>0.00000</Val>
</SGL>
</Array>
<U16>
<Name>Material</Name>
<Val>0</Val>
</U16>
<Cluster>
<Name>Color</Name>
<NumElts>4</NumElts>
<SGL>
<Name>Red</Name>
<Val>1.00000</Val>
</SGL>
<SGL>
<Name>Green</Name>
<Val>1.00000</Val>
</SGL>
<SGL>
<Name>Blue</Name>
<Val>1.00000</Val>
</SGL>
<SGL>
<Name>Alpha</Name>
<Val>1.00000</Val>
</SGL>
</Cluster>
<Path>
<Name>Model File (.ive)</Name>
<Val></Val>
</Path>
<Path>
<Name>Model File (.stl)</Name>
<Val></Val>
</Path>
<Path>
<Name>Texture File (.png)</Name>
<Val></Val>
</Path>
<String>
<Name>Sub-Space</Name>
<Val></Val>
</String>
<Boolean>
<Name>Kinematic</Name>
<Val>0</Val>
</Boolean>
<Boolean>
<Name>Visible</Name>
<Val>1</Val>
</Boolean>
<U16>
<Name>Draw Mode</Name>
<Val>1</Val>
</U16>
<Refnum>
<Name>3D Object</Name>
<RefKind>LV Object</RefKind>
<RefType>Scene</RefType>
<Val>0x72A00F78</Val>
</Refnum>
<Refnum>
<Name>ODE Body</Name>
<RefKind>Generic</RefKind>
<RefType>LVODE</RefType>
<Val>0x00000000</Val>
</Refnum>
<Array>
<Name>Visual Model Offset</Name>
<Dimsize>4</Dimsize>
<Dimsize>4</Dimsize>
<SGL>
<Name></Name>
<Val>1.00000</Val>
</SGL>
<SGL>
<Name></Name>
<Val>0.00000</Val>
</SGL>
<SGL>
<Name></Name>
<Val>0.00000</Val>
</SGL>
<SGL>
<Name></Name>
<Val>0.00000</Val>
</SGL>
<SGL>
<Name></Name>
<Val>0.00000</Val>
</SGL>
<SGL>
<Name></Name>
<Val>1.00000</Val>
</SGL>
<SGL>
<Name></Name>
<Val>0.00000</Val>
</SGL>
<SGL>
<Name></Name>
<Val>0.00000</Val>
</SGL>
<SGL>
<Name></Name>
<Val>0.00000</Val>
</SGL>
<SGL>
<Name></Name>
<Val>0.00000</Val>
</SGL>
<SGL>
<Name></Name>
<Val>1.00000</Val>
</SGL>
<SGL>
<Name></Name>
<Val>0.00000</Val>
</SGL>
<SGL>
<Name></Name>
<Val>0.00000</Val>
</SGL>
<SGL>
<Name></Name>
<Val>0.00000</Val>
</SGL>
<SGL>
<Name></Name>
<Val>0.00000</Val>
</SGL>
<SGL>
<Name></Name>
<Val>1.00000</Val>
</SGL>
</Array>
</Cluster>
<Cluster>
<Name>3D_Physics_Box.lvclass</Name>
<NumElts>4</NumElts>
<SGL>
<Name>Length X</Name>
<Val>1.00000E-3</Val>
</SGL>
<SGL>
<Name>Length Y</Name>
<Val>1.00000E-3</Val>
</SGL>
<SGL>
<Name>Length Z</Name>
<Val>1.00000E-3</Val>
</SGL>
<Refnum>
<Name>ODE Geometry</Name>
<RefKind>Generic</RefKind>
<RefType>LVODE</RefType>
<Val>0x00000000</Val>
</Refnum>
</Cluster>
</Object>
<U32>
<Name>Sampling Rate</Name>
<Val>100</Val>
</U32>
<SGL>
<Name>Noise</Name>
<Val>0.00000</Val>
</SGL>
<SGL>
<Name>Resolution</Name>
<Val>0.00000</Val>
</SGL>
<EW>
<Name>Attached to Servo</Name>
<Choice>Fixed</Choice>
<Choice>Up Rotate</Choice>
<Choice>Down Rotate</Choice>
<Choice>Customized</Choice>
<Val>0</Val>
</EW>
<Refnum>
<Name>LVODE Refnum</Name>
<RefKind>Generic</RefKind>
<RefType>LVODE</RefType>
<Val>0x00000000</Val>
</Refnum>
</Cluster>
<Cluster>
<Name>ODESimulator_Distance.lvclass</Name>
<NumElts>2</NumElts>
<SGL>
<Name>Low Range</Name>
<Val>0.00000</Val>
</SGL>
<SGL>
<Name>High Range</Name>
<Val>4.00000</Val>
</SGL>
</Cluster>
</Object>
<Object>
<Name>NI_Robotics_Simulator.lvlib:ODESimulator_Base_Sensor.lvclass</Name>
<NumLevels>2</NumLevels>
<Class>NI_Robotics_Simulator.lvlib:ODESimulator_Distance.lvclass</Class>
<Version>1.0.0.4</Version>
<Version>1.0.0.8</Version>
<Cluster>
<Name>ODESimulator_Base_Sensor.lvclass</Name>
<NumElts>10</NumElts>
<String>
<Name>ID</Name>
<Val>Cliff Sensor 1</Val>
</String>
<String>
<Name>Type</Name>
<Val></Val>
</String>
<String>
<Name>Owner ID</Name>
<Val>iRobot Create_R0</Val>
</String>
<String>
<Name>Servo ID</Name>
<Val></Val>
</String>
<Object>
<Name>Base Prop</Name>
<NumLevels>2</NumLevels>
<Class>NI_Robotics_Simulator.lvlib:3D_Physics_Box.lvclass</Class>
<Version>1.0.0.1</Version>
<Version>1.0.0.16</Version>
<Cluster>
<Name>3D_Physics_Base.lvclass</Name>
<NumElts>18</NumElts>
<String>
<Name>ID</Name>
<Val>Cliff Sensor 1</Val>
</String>
<Cluster>
<Name>Position</Name>
<NumElts>3</NumElts>
<SGL>
<Name>X</Name>
<Val>-4.00000E-2</Val>
</SGL>
<SGL>
<Name>Y</Name>
<Val>0.15000</Val>
</SGL>
<SGL>
<Name>Z</Name>
<Val>-4.00000E-2</Val>
</SGL>
</Cluster>
<Cluster>
<Name>Rotation</Name>
<NumElts>2</NumElts>
<Cluster>
<Name>Axis</Name>
<NumElts>3</NumElts>
<SGL>
<Name>X</Name>
<Val>1.00000</Val>
</SGL>
<SGL>
<Name>Y</Name>
<Val>0.00000</Val>
</SGL>
<SGL>
<Name>Z</Name>
<Val>0.00000</Val>
</SGL>
</Cluster>
<SGL>
<Name>Angle</Name>
<Val>-1.57080</Val>
</SGL>
</Cluster>
<SGL>
<Name>Mass</Name>
<Val>0.10000</Val>
</SGL>
<Array>
<Name>Mass Center</Name>
<Dimsize>0</Dimsize>
<SGL>
<Name>num</Name>
<Val></Val>
</SGL>
</Array>
<Array>
<Name>Inertia Matrix</Name>
<Dimsize>3</Dimsize>
<Dimsize>3</Dimsize>
<SGL>
<Name></Name>
<Val>0.00000</Val>
</SGL>
<SGL>
<Name></Name>
<Val>0.00000</Val>
</SGL>
<SGL>
<Name></Name>
<Val>0.00000</Val>
</SGL>
<SGL>
<Name></Name>
<Val>0.00000</Val>
</SGL>
<SGL>
<Name></Name>
<Val>0.00000</Val>
</SGL>
<SGL>
<Name></Name>
<Val>0.00000</Val>
</SGL>
<SGL>
<Name></Name>
<Val>0.00000</Val>
</SGL>
<SGL>
<Name></Name>
<Val>0.00000</Val>
</SGL>
<SGL>
<Name></Name>
<Val>0.00000</Val>
</SGL>
</Array>
<U16>
<Name>Material</Name>
<Val>0</Val>
</U16>
<Cluster>
<Name>Color</Name>
<NumElts>4</NumElts>
<SGL>
<Name>Red</Name>
<Val>1.00000</Val>
</SGL>
<SGL>
<Name>Green</Name>
<Val>1.00000</Val>
</SGL>
<SGL>
<Name>Blue</Name>
<Val>1.00000</Val>
</SGL>
<SGL>
<Name>Alpha</Name>
<Val>1.00000</Val>
</SGL>
</Cluster>
<Path>
<Name>Model File (.ive)</Name>
<Val></Val>
</Path>
<Path>
<Name>Model File (.stl)</Name>
<Val></Val>
</Path>
<Path>
<Name>Texture File (.png)</Name>
<Val></Val>
</Path>
<String>
<Name>Sub-Space</Name>
<Val></Val>
</String>
<Boolean>
<Name>Kinematic</Name>
<Val>0</Val>
</Boolean>
<Boolean>
<Name>Visible</Name>
<Val>1</Val>
</Boolean>
<U16>
<Name>Draw Mode</Name>
<Val>1</Val>
</U16>
<Refnum>
<Name>3D Object</Name>
<RefKind>LV Object</RefKind>
<RefType>Scene</RefType>
<Val>0x74600F87</Val>
</Refnum>
<Refnum>
<Name>ODE Body</Name>
<RefKind>Generic</RefKind>
<RefType>LVODE</RefType>
<Val>0x00000000</Val>
</Refnum>
<Array>
<Name>Visual Model Offset</Name>
<Dimsize>4</Dimsize>
<Dimsize>4</Dimsize>
<SGL>
<Name></Name>
<Val>1.00000</Val>
</SGL>
<SGL>
<Name></Name>
<Val>0.00000</Val>
</SGL>
<SGL>
<Name></Name>
<Val>0.00000</Val>
</SGL>
<SGL>
<Name></Name>
<Val>0.00000</Val>
</SGL>
<SGL>
<Name></Name>
<Val>0.00000</Val>
</SGL>
<SGL>
<Name></Name>
<Val>1.00000</Val>
</SGL>
<SGL>
<Name></Name>
<Val>0.00000</Val>
</SGL>
<SGL>
<Name></Name>
<Val>0.00000</Val>
</SGL>
<SGL>
<Name></Name>
<Val>0.00000</Val>
</SGL>
<SGL>
<Name></Name>
<Val>0.00000</Val>
</SGL>
<SGL>
<Name></Name>
<Val>1.00000</Val>
</SGL>
<SGL>
<Name></Name>
<Val>0.00000</Val>
</SGL>
<SGL>
<Name></Name>
<Val>0.00000</Val>
</SGL>
<SGL>
<Name></Name>
<Val>0.00000</Val>
</SGL>
<SGL>
<Name></Name>
<Val>0.00000</Val>
</SGL>
<SGL>
<Name></Name>
<Val>1.00000</Val>
</SGL>
</Array>
</Cluster>
<Cluster>
<Name>3D_Physics_Box.lvclass</Name>
<NumElts>4</NumElts>
<SGL>
<Name>Length X</Name>
<Val>1.00000E-3</Val>
</SGL>
<SGL>
<Name>Length Y</Name>
<Val>1.00000E-3</Val>
</SGL>
<SGL>
<Name>Length Z</Name>
<Val>1.00000E-3</Val>
</SGL>
<Refnum>
<Name>ODE Geometry</Name>
<RefKind>Generic</RefKind>
<RefType>LVODE</RefType>
<Val>0x00000000</Val>
</Refnum>
</Cluster>
</Object>
<U32>
<Name>Sampling Rate</Name>
<Val>100</Val>
</U32>
<SGL>
<Name>Noise</Name>
<Val>0.00000</Val>
</SGL>
<SGL>
<Name>Resolution</Name>
<Val>0.00000</Val>
</SGL>
<EW>
<Name>Attached to Servo</Name>
<Choice>Fixed</Choice>
<Choice>Up Rotate</Choice>
<Choice>Down Rotate</Choice>
<Choice>Customized</Choice>
<Val>0</Val>
</EW>
<Refnum>
<Name>LVODE Refnum</Name>
<RefKind>Generic</RefKind>
<RefType>LVODE</RefType>
<Val>0x00000000</Val>
</Refnum>
</Cluster>
<Cluster>
<Name>ODESimulator_Distance.lvclass</Name>
<NumElts>2</NumElts>
<SGL>
<Name>Low Range</Name>
<Val>0.00000</Val>
</SGL>
<SGL>
<Name>High Range</Name>
<Val>4.00000</Val>
</SGL>
</Cluster>
</Object>
<Object>
<Name>NI_Robotics_Simulator.lvlib:ODESimulator_Base_Sensor.lvclass</Name>
<NumLevels>2</NumLevels>
<Class>NI_Robotics_Simulator.lvlib:ODESimulator_Distance.lvclass</Class>
<Version>1.0.0.4</Version>
<Version>1.0.0.8</Version>
<Cluster>
<Name>ODESimulator_Base_Sensor.lvclass</Name>
<NumElts>10</NumElts>
<String>
<Name>ID</Name>
<Val>Cliff Sensor 2</Val>
</String>
<String>
<Name>Type</Name>
<Val></Val>
</String>
<String>
<Name>Owner ID</Name>
<Val>iRobot Create_R0</Val>
</String>
<String>
<Name>Servo ID</Name>
<Val></Val>
</String>
<Object>
<Name>Base Prop</Name>
<NumLevels>2</NumLevels>
<Class>NI_Robotics_Simulator.lvlib:3D_Physics_Box.lvclass</Class>
<Version>1.0.0.1</Version>
<Version>1.0.0.16</Version>
<Cluster>
<Name>3D_Physics_Base.lvclass</Name>
<NumElts>18</NumElts>
<String>
<Name>ID</Name>
<Val>Cliff Sensor 2</Val>
</String>
<Cluster>
<Name>Position</Name>
<NumElts>3</NumElts>
<SGL>
<Name>X</Name>
<Val>4.00000E-2</Val>
</SGL>
<SGL>
<Name>Y</Name>
<Val>0.15000</Val>
</SGL>
<SGL>
<Name>Z</Name>
<Val>-4.00000E-2</Val>
</SGL>
</Cluster>
<Cluster>
<Name>Rotation</Name>
<NumElts>2</NumElts>
<Cluster>
<Name>Axis</Name>
<NumElts>3</NumElts>
<SGL>
<Name>X</Name>
<Val>1.00000</Val>
</SGL>
<SGL>
<Name>Y</Name>
<Val>0.00000</Val>
</SGL>
<SGL>
<Name>Z</Name>
<Val>0.00000</Val>
</SGL>
</Cluster>
<SGL>
<Name>Angle</Name>
<Val>-1.57080</Val>
</SGL>
</Cluster>
<SGL>
<Name>Mass</Name>
<Val>0.10000</Val>
</SGL>
<Array>
<Name>Mass Center</Name>
<Dimsize>0</Dimsize>
<SGL>
<Name>num</Name>
<Val></Val>
</SGL>
</Array>
<Array>
<Name>Inertia Matrix</Name>
<Dimsize>3</Dimsize>
<Dimsize>3</Dimsize>
<SGL>
<Name></Name>
<Val>0.00000</Val>
</SGL>
<SGL>
<Name></Name>
<Val>0.00000</Val>
</SGL>
<SGL>
<Name></Name>
<Val>0.00000</Val>
</SGL>
<SGL>
<Name></Name>
<Val>0.00000</Val>
</SGL>
<SGL>
<Name></Name>
<Val>0.00000</Val>
</SGL>
<SGL>
<Name></Name>
<Val>0.00000</Val>
</SGL>
<SGL>
<Name></Name>
<Val>0.00000</Val>
</SGL>
<SGL>
<Name></Name>
<Val>0.00000</Val>
</SGL>
<SGL>
<Name></Name>
<Val>0.00000</Val>
</SGL>
</Array>
<U16>
<Name>Material</Name>
<Val>0</Val>
</U16>
<Cluster>
<Name>Color</Name>
<NumElts>4</NumElts>
<SGL>
<Name>Red</Name>
<Val>1.00000</Val>
</SGL>
<SGL>
<Name>Green</Name>
<Val>1.00000</Val>
</SGL>
<SGL>
<Name>Blue</Name>
<Val>1.00000</Val>
</SGL>
<SGL>
<Name>Alpha</Name>
<Val>1.00000</Val>
</SGL>
</Cluster>
<Path>
<Name>Model File (.ive)</Name>
<Val></Val>
</Path>
<Path>
<Name>Model File (.stl)</Name>
<Val></Val>
</Path>
<Path>
<Name>Texture File (.png)</Name>
<Val></Val>
</Path>
<String>
<Name>Sub-Space</Name>
<Val></Val>
</String>
<Boolean>
<Name>Kinematic</Name>
<Val>0</Val>
</Boolean>
<Boolean>
<Name>Visible</Name>
<Val>1</Val>
</Boolean>
<U16>
<Name>Draw Mode</Name>
<Val>1</Val>
</U16>
<Refnum>
<Name>3D Object</Name>
<RefKind>LV Object</RefKind>
<RefType>Scene</RefType>
<Val>0x76000F93</Val>
</Refnum>
<Refnum>
<Name>ODE Body</Name>
<RefKind>Generic</RefKind>
<RefType>LVODE</RefType>
<Val>0x00000000</Val>
</Refnum>
<Array>
<Name>Visual Model Offset</Name>
<Dimsize>4</Dimsize>
<Dimsize>4</Dimsize>
<SGL>
<Name></Name>
<Val>1.00000</Val>
</SGL>
<SGL>
<Name></Name>
<Val>0.00000</Val>
</SGL>
<SGL>
<Name></Name>
<Val>0.00000</Val>
</SGL>
<SGL>
<Name></Name>
<Val>0.00000</Val>
</SGL>
<SGL>
<Name></Name>
<Val>0.00000</Val>
</SGL>
<SGL>
<Name></Name>
<Val>1.00000</Val>
</SGL>
<SGL>
<Name></Name>
<Val>0.00000</Val>
</SGL>
<SGL>
<Name></Name>
<Val>0.00000</Val>
</SGL>
<SGL>
<Name></Name>
<Val>0.00000</Val>
</SGL>
<SGL>
<Name></Name>
<Val>0.00000</Val>
</SGL>
<SGL>
<Name></Name>
<Val>1.00000</Val>
</SGL>
<SGL>
<Name></Name>
<Val>0.00000</Val>
</SGL>
<SGL>
<Name></Name>
<Val>0.00000</Val>
</SGL>
<SGL>
<Name></Name>
<Val>0.00000</Val>
</SGL>
<SGL>
<Name></Name>
<Val>0.00000</Val>
</SGL>
<SGL>
<Name></Name>
<Val>1.00000</Val>
</SGL>
</Array>
</Cluster>
<Cluster>
<Name>3D_Physics_Box.lvclass</Name>
<NumElts>4</NumElts>
<SGL>
<Name>Length X</Name>
<Val>1.00000E-3</Val>
</SGL>
<SGL>
<Name>Length Y</Name>
<Val>1.00000E-3</Val>
</SGL>
<SGL>
<Name>Length Z</Name>
<Val>1.00000E-3</Val>
</SGL>
<Refnum>
<Name>ODE Geometry</Name>
<RefKind>Generic</RefKind>
<RefType>LVODE</RefType>
<Val>0x00000000</Val>
</Refnum>
</Cluster>
</Object>
<U32>
<Name>Sampling Rate</Name>
<Val>100</Val>
</U32>
<SGL>
<Name>Noise</Name>
<Val>0.00000</Val>
</SGL>
<SGL>
<Name>Resolution</Name>
<Val>0.00000</Val>
</SGL>
<EW>
<Name>Attached to Servo</Name>
<Choice>Fixed</Choice>
<Choice>Up Rotate</Choice>
<Choice>Down Rotate</Choice>
<Choice>Customized</Choice>
<Val>0</Val>
</EW>
<Refnum>
<Name>LVODE Refnum</Name>
<RefKind>Generic</RefKind>
<RefType>LVODE</RefType>
<Val>0x00000000</Val>
</Refnum>
</Cluster>
<Cluster>
<Name>ODESimulator_Distance.lvclass</Name>
<NumElts>2</NumElts>
<SGL>
<Name>Low Range</Name>
<Val>0.00000</Val>
</SGL>
<SGL>
<Name>High Range</Name>
<Val>4.00000</Val>
</SGL>
</Cluster>
</Object>
<Object>
<Name>NI_Robotics_Simulator.lvlib:ODESimulator_Base_Sensor.lvclass</Name>
<NumLevels>2</NumLevels>
<Class>NI_Robotics_Simulator.lvlib:ODESimulator_Distance.lvclass</Class>
<Version>1.0.0.4</Version>
<Version>1.0.0.8</Version>
<Cluster>
<Name>ODESimulator_Base_Sensor.lvclass</Name>
<NumElts>10</NumElts>
<String>
<Name>ID</Name>
<Val>Cliff Sensor 3</Val>
</String>
<String>
<Name>Type</Name>
<Val></Val>
</String>
<String>
<Name>Owner ID</Name>
<Val>iRobot Create_R0</Val>
</String>
<String>
<Name>Servo ID</Name>
<Val></Val>
</String>
<Object>
<Name>Base Prop</Name>
<NumLevels>2</NumLevels>
<Class>NI_Robotics_Simulator.lvlib:3D_Physics_Box.lvclass</Class>
<Version>1.0.0.1</Version>
<Version>1.0.0.16</Version>
<Cluster>
<Name>3D_Physics_Base.lvclass</Name>
<NumElts>18</NumElts>
<String>
<Name>ID</Name>
<Val>Cliff Sensor 3</Val>
</String>
<Cluster>
<Name>Position</Name>
<NumElts>3</NumElts>
<SGL>
<Name>X</Name>
<Val>0.14000</Val>
</SGL>
<SGL>
<Name>Y</Name>
<Val>7.00000E-2</Val>
</SGL>
<SGL>
<Name>Z</Name>
<Val>-4.00000E-2</Val>
</SGL>
</Cluster>
<Cluster>
<Name>Rotation</Name>
<NumElts>2</NumElts>
<Cluster>
<Name>Axis</Name>
<NumElts>3</NumElts>
<SGL>
<Name>X</Name>
<Val>1.00000</Val>
</SGL>
<SGL>
<Name>Y</Name>
<Val>0.00000</Val>
</SGL>
<SGL>
<Name>Z</Name>
<Val>0.00000</Val>
</SGL>
</Cluster>
<SGL>
<Name>Angle</Name>
<Val>-1.57080</Val>
</SGL>
</Cluster>
<SGL>
<Name>Mass</Name>
<Val>0.10000</Val>
</SGL>
<Array>
<Name>Mass Center</Name>
<Dimsize>0</Dimsize>
<SGL>
<Name>num</Name>
<Val></Val>
</SGL>
</Array>
<Array>
<Name>Inertia Matrix</Name>
<Dimsize>3</Dimsize>
<Dimsize>3</Dimsize>
<SGL>
<Name></Name>
<Val>0.00000</Val>
</SGL>
<SGL>
<Name></Name>
<Val>0.00000</Val>
</SGL>
<SGL>
<Name></Name>
<Val>0.00000</Val>
</SGL>
<SGL>
<Name></Name>
<Val>0.00000</Val>
</SGL>
<SGL>
<Name></Name>
<Val>0.00000</Val>
</SGL>
<SGL>
<Name></Name>
<Val>0.00000</Val>
</SGL>
<SGL>
<Name></Name>
<Val>0.00000</Val>
</SGL>
<SGL>
<Name></Name>
<Val>0.00000</Val>
</SGL>
<SGL>
<Name></Name>
<Val>0.00000</Val>
</SGL>
</Array>
<U16>
<Name>Material</Name>
<Val>0</Val>
</U16>
<Cluster>
<Name>Color</Name>
<NumElts>4</NumElts>
<SGL>
<Name>Red</Name>
<Val>1.00000</Val>
</SGL>
<SGL>
<Name>Green</Name>
<Val>1.00000</Val>
</SGL>
<SGL>
<Name>Blue</Name>
<Val>1.00000</Val>
</SGL>
<SGL>
<Name>Alpha</Name>
<Val>1.00000</Val>
</SGL>
</Cluster>
<Path>
<Name>Model File (.ive)</Name>
<Val></Val>
</Path>
<Path>
<Name>Model File (.stl)</Name>
<Val></Val>
</Path>
<Path>
<Name>Texture File (.png)</Name>
<Val></Val>
</Path>
<String>
<Name>Sub-Space</Name>
<Val></Val>
</String>
<Boolean>
<Name>Kinematic</Name>
<Val>0</Val>
</Boolean>
<Boolean>
<Name>Visible</Name>
<Val>1</Val>
</Boolean>
<U16>
<Name>Draw Mode</Name>
<Val>1</Val>
</U16>
<Refnum>
<Name>3D Object</Name>
<RefKind>LV Object</RefKind>
<RefType>Scene</RefType>
<Val>0x77C00FA4</Val>
</Refnum>
<Refnum>
<Name>ODE Body</Name>
<RefKind>Generic</RefKind>
<RefType>LVODE</RefType>
<Val>0x00000000</Val>
</Refnum>
<Array>
<Name>Visual Model Offset</Name>
<Dimsize>4</Dimsize>
<Dimsize>4</Dimsize>
<SGL>
<Name></Name>
<Val>1.00000</Val>
</SGL>
<SGL>
<Name></Name>
<Val>0.00000</Val>
</SGL>
<SGL>
<Name></Name>
<Val>0.00000</Val>
</SGL>
<SGL>
<Name></Name>
<Val>0.00000</Val>
</SGL>
<SGL>
<Name></Name>
<Val>0.00000</Val>
</SGL>
<SGL>
<Name></Name>
<Val>1.00000</Val>
</SGL>
<SGL>
<Name></Name>
<Val>0.00000</Val>
</SGL>
<SGL>
<Name></Name>
<Val>0.00000</Val>
</SGL>
<SGL>
<Name></Name>
<Val>0.00000</Val>
</SGL>
<SGL>
<Name></Name>
<Val>0.00000</Val>
</SGL>
<SGL>
<Name></Name>
<Val>1.00000</Val>
</SGL>
<SGL>
<Name></Name>
<Val>0.00000</Val>
</SGL>
<SGL>
<Name></Name>
<Val>0.00000</Val>
</SGL>
<SGL>
<Name></Name>
<Val>0.00000</Val>
</SGL>
<SGL>
<Name></Name>
<Val>0.00000</Val>
</SGL>
<SGL>
<Name></Name>
<Val>1.00000</Val>
</SGL>
</Array>
</Cluster>
<Cluster>
<Name>3D_Physics_Box.lvclass</Name>
<NumElts>4</NumElts>
<SGL>
<Name>Length X</Name>
<Val>1.00000E-3</Val>
</SGL>
<SGL>
<Name>Length Y</Name>
<Val>1.00000E-3</Val>
</SGL>
<SGL>
<Name>Length Z</Name>
<Val>1.00000E-3</Val>
</SGL>
<Refnum>
<Name>ODE Geometry</Name>
<RefKind>Generic</RefKind>
<RefType>LVODE</RefType>
<Val>0x00000000</Val>
</Refnum>
</Cluster>
</Object>
<U32>
<Name>Sampling Rate</Name>
<Val>100</Val>
</U32>
<SGL>
<Name>Noise</Name>
<Val>0.00000</Val>
</SGL>
<SGL>
<Name>Resolution</Name>
<Val>0.00000</Val>
</SGL>
<EW>
<Name>Attached to Servo</Name>
<Choice>Fixed</Choice>
<Choice>Up Rotate</Choice>
<Choice>Down Rotate</Choice>
<Choice>Customized</Choice>
<Val>0</Val>
</EW>
<Refnum>
<Name>LVODE Refnum</Name>
<RefKind>Generic</RefKind>
<RefType>LVODE</RefType>
<Val>0x00000000</Val>
</Refnum>
</Cluster>
<Cluster>
<Name>ODESimulator_Distance.lvclass</Name>
<NumElts>2</NumElts>
<SGL>
<Name>Low Range</Name>
<Val>0.00000</Val>
</SGL>
<SGL>
<Name>High Range</Name>
<Val>4.00000</Val>
</SGL>
</Cluster>
</Object>
<Object>
<Name>NI_Robotics_Simulator.lvlib:ODESimulator_Base_Sensor.lvclass</Name>
<NumLevels>2</NumLevels>
<Class>NI_Robotics_Simulator.lvlib:ODESimulator_Bumper.lvclass</Class>
<Version>1.0.0.1</Version>
<Version>1.0.0.8</Version>
<Cluster>
<Name>ODESimulator_Base_Sensor.lvclass</Name>
<NumElts>10</NumElts>
<String>
<Name>ID</Name>
<Val>Bumper 0</Val>
</String>
<String>
<Name>Type</Name>
<Val></Val>
</String>
<String>
<Name>Owner ID</Name>
<Val>iRobot Create_R0</Val>
</String>
<String>
<Name>Servo ID</Name>
<Val></Val>
</String>
<Object>
<Name>Base Prop</Name>
<NumLevels>2</NumLevels>
<Class>NI_Robotics_Simulator.lvlib:3D_Physics_Cylinder.lvclass</Class>
<Version>1.0.0.1</Version>
<Version>1.0.0.16</Version>
<Cluster>
<Name>3D_Physics_Base.lvclass</Name>
<NumElts>18</NumElts>
<String>
<Name>ID</Name>
<Val>Bumper 0</Val>
</String>
<Cluster>
<Name>Position</Name>
<NumElts>3</NumElts>
<SGL>
<Name>X</Name>
<Val>-5.00000E-3</Val>
</SGL>
<SGL>
<Name>Y</Name>
<Val>6.00000E-3</Val>
</SGL>
<SGL>
<Name>Z</Name>
<Val>2.50000E-2</Val>
</SGL>
</Cluster>
<Cluster>
<Name>Rotation</Name>
<NumElts>2</NumElts>
<Cluster>
<Name>Axis</Name>
<NumElts>3</NumElts>
<SGL>
<Name>X</Name>
<Val>0.00000</Val>
</SGL>
<SGL>
<Name>Y</Name>
<Val>0.00000</Val>
</SGL>
<SGL>
<Name>Z</Name>
<Val>1.00000</Val>
</SGL>
</Cluster>
<SGL>
<Name>Angle</Name>
<Val>0.00000</Val>
</SGL>
</Cluster>
<SGL>
<Name>Mass</Name>
<Val>0.16100</Val>
</SGL>
<Array>
<Name>Mass Center</Name>
<Dimsize>0</Dimsize>
<SGL>
<Name>num</Name>
<Val></Val>
</SGL>
</Array>
<Array>
<Name>Inertia Matrix</Name>
<Dimsize>3</Dimsize>
<Dimsize>3</Dimsize>
<SGL>
<Name></Name>
<Val>0.00000</Val>
</SGL>
<SGL>
<Name></Name>
<Val>0.00000</Val>
</SGL>
<SGL>
<Name></Name>
<Val>0.00000</Val>
</SGL>
<SGL>
<Name></Name>
<Val>0.00000</Val>
</SGL>
<SGL>
<Name></Name>
<Val>0.00000</Val>
</SGL>
<SGL>
<Name></Name>
<Val>0.00000</Val>
</SGL>
<SGL>
<Name></Name>
<Val>0.00000</Val>
</SGL>
<SGL>
<Name></Name>
<Val>0.00000</Val>
</SGL>
<SGL>
<Name></Name>
<Val>0.00000</Val>
</SGL>
</Array>
<U16>
<Name>Material</Name>
<Val>0</Val>
</U16>
<Cluster>
<Name>Color</Name>
<NumElts>4</NumElts>
<SGL>
<Name>Red</Name>
<Val>1.00000</Val>
</SGL>
<SGL>
<Name>Green</Name>
<Val>1.00000</Val>
</SGL>
<SGL>
<Name>Blue</Name>
<Val>1.00000</Val>
</SGL>
<SGL>
<Name>Alpha</Name>
<Val>1.00000</Val>
</SGL>
</Cluster>
<Path>
<Name>Model File (.ive)</Name>
<Val></Val>
</Path>
<Path>
<Name>Model File (.stl)</Name>
<Val></Val>
</Path>
<Path>
<Name>Texture File (.png)</Name>
<Val></Val>
</Path>
<String>
<Name>Sub-Space</Name>
<Val></Val>
</String>
<Boolean>
<Name>Kinematic</Name>
<Val>0</Val>
</Boolean>
<Boolean>
<Name>Visible</Name>
<Val>0</Val>
</Boolean>
<U16>
<Name>Draw Mode</Name>
<Val>1</Val>
</U16>
<Refnum>
<Name>3D Object</Name>
<RefKind>LV Object</RefKind>
<RefType>Scene</RefType>
<Val>0x79700FB1</Val>
</Refnum>
<Refnum>
<Name>ODE Body</Name>
<RefKind>Generic</RefKind>
<RefType>LVODE</RefType>
<Val>0x00000000</Val>
</Refnum>
<Array>
<Name>Visual Model Offset</Name>
<Dimsize>4</Dimsize>
<Dimsize>4</Dimsize>
<SGL>
<Name></Name>
<Val>1.00000</Val>
</SGL>
<SGL>
<Name></Name>
<Val>0.00000</Val>
</SGL>
<SGL>
<Name></Name>
<Val>0.00000</Val>
</SGL>
<SGL>
<Name></Name>
<Val>0.00000</Val>
</SGL>
<SGL>
<Name></Name>
<Val>0.00000</Val>
</SGL>
<SGL>
<Name></Name>
<Val>1.00000</Val>
</SGL>
<SGL>
<Name></Name>
<Val>0.00000</Val>
</SGL>
<SGL>
<Name></Name>
<Val>0.00000</Val>
</SGL>
<SGL>
<Name></Name>
<Val>0.00000</Val>
</SGL>
<SGL>
<Name></Name>
<Val>0.00000</Val>
</SGL>
<SGL>
<Name></Name>
<Val>1.00000</Val>
</SGL>
<SGL>
<Name></Name>
<Val>0.00000</Val>
</SGL>
<SGL>
<Name></Name>
<Val>0.00000</Val>
</SGL>
<SGL>
<Name></Name>
<Val>0.00000</Val>
</SGL>
<SGL>
<Name></Name>
<Val>0.00000</Val>
</SGL>
<SGL>
<Name></Name>
<Val>1.00000</Val>
</SGL>
</Array>
</Cluster>
<Cluster>
<Name>3D_Physics_Cylinder.lvclass</Name>
<NumElts>3</NumElts>
<SGL>
<Name>Height</Name>
<Val>3.00000E-3</Val>
</SGL>
<SGL>
<Name>Radius</Name>
<Val>0.16100</Val>
</SGL>
<Refnum>
<Name>ODE Geometry</Name>
<RefKind>Generic</RefKind>
<RefType>LVODE</RefType>
<Val>0x00000000</Val>
</Refnum>
</Cluster>
</Object>
<U32>
<Name>Sampling Rate</Name>
<Val>100</Val>
</U32>
<SGL>
<Name>Noise</Name>
<Val>0.00000</Val>
</SGL>
<SGL>
<Name>Resolution</Name>
<Val>0.00000</Val>
</SGL>
<EW>
<Name>Attached to Servo</Name>
<Choice>Fixed</Choice>
<Choice>Up Rotate</Choice>
<Choice>Down Rotate</Choice>
<Choice>Customized</Choice>
<Val>0</Val>
</EW>
<Refnum>
<Name>LVODE Refnum</Name>
<RefKind>Generic</RefKind>
<RefType>LVODE</RefType>
<Val>0x00000000</Val>
</Refnum>
</Cluster>
<Cluster>
</Cluster>
</Object>
<Object>
<Name>NI_Robotics_Simulator.lvlib:ODESimulator_Base_Sensor.lvclass</Name>
<NumLevels>2</NumLevels>
<Class>NI_Robotics_Simulator.lvlib:ODESimulator_Bumper.lvclass</Class>
<Version>1.0.0.1</Version>
<Version>1.0.0.8</Version>
<Cluster>
<Name>ODESimulator_Base_Sensor.lvclass</Name>
<NumElts>10</NumElts>
<String>
<Name>ID</Name>
<Val>Bumper 1</Val>
</String>
<String>
<Name>Type</Name>
<Val></Val>
</String>
<String>
<Name>Owner ID</Name>
<Val>iRobot Create_R0</Val>
</String>
<String>
<Name>Servo ID</Name>
<Val></Val>
</String>
<Object>
<Name>Base Prop</Name>
<NumLevels>2</NumLevels>
<Class>NI_Robotics_Simulator.lvlib:3D_Physics_Cylinder.lvclass</Class>
<Version>1.0.0.1</Version>
<Version>1.0.0.16</Version>
<Cluster>
<Name>3D_Physics_Base.lvclass</Name>
<NumElts>18</NumElts>
<String>
<Name>ID</Name>
<Val>Bumper 1</Val>
</String>
<Cluster>
<Name>Position</Name>
<NumElts>3</NumElts>
<SGL>
<Name>X</Name>
<Val>5.00000E-3</Val>
</SGL>
<SGL>
<Name>Y</Name>
<Val>6.00000E-3</Val>
</SGL>
<SGL>
<Name>Z</Name>
<Val>3.50000E-2</Val>
</SGL>
</Cluster>
<Cluster>
<Name>Rotation</Name>
<NumElts>2</NumElts>
<Cluster>
<Name>Axis</Name>
<NumElts>3</NumElts>
<SGL>
<Name>X</Name>
<Val>0.00000</Val>
</SGL>
<SGL>
<Name>Y</Name>
<Val>0.00000</Val>
</SGL>
<SGL>
<Name>Z</Name>
<Val>1.00000</Val>
</SGL>
</Cluster>
<SGL>
<Name>Angle</Name>
<Val>0.00000</Val>
</SGL>
</Cluster>
<SGL>
<Name>Mass</Name>
<Val>0.16100</Val>
</SGL>
<Array>
<Name>Mass Center</Name>
<Dimsize>0</Dimsize>
<SGL>
<Name>num</Name>
<Val></Val>
</SGL>
</Array>
<Array>
<Name>Inertia Matrix</Name>
<Dimsize>3</Dimsize>
<Dimsize>3</Dimsize>
<SGL>
<Name></Name>
<Val>0.00000</Val>
</SGL>
<SGL>
<Name></Name>
<Val>0.00000</Val>
</SGL>
<SGL>
<Name></Name>
<Val>0.00000</Val>
</SGL>
<SGL>
<Name></Name>
<Val>0.00000</Val>
</SGL>
<SGL>
<Name></Name>
<Val>0.00000</Val>
</SGL>
<SGL>
<Name></Name>
<Val>0.00000</Val>
</SGL>
<SGL>
<Name></Name>
<Val>0.00000</Val>
</SGL>
<SGL>
<Name></Name>
<Val>0.00000</Val>
</SGL>
<SGL>
<Name></Name>
<Val>0.00000</Val>
</SGL>
</Array>
<U16>
<Name>Material</Name>
<Val>0</Val>
</U16>
<Cluster>
<Name>Color</Name>
<NumElts>4</NumElts>
<SGL>
<Name>Red</Name>
<Val>1.00000</Val>
</SGL>
<SGL>
<Name>Green</Name>
<Val>1.00000</Val>
</SGL>
<SGL>
<Name>Blue</Name>
<Val>1.00000</Val>
</SGL>
<SGL>
<Name>Alpha</Name>
<Val>1.00000</Val>
</SGL>
</Cluster>
<Path>
<Name>Model File (.ive)</Name>
<Val></Val>
</Path>
<Path>
<Name>Model File (.stl)</Name>
<Val></Val>
</Path>
<Path>
<Name>Texture File (.png)</Name>
<Val></Val>
</Path>
<String>
<Name>Sub-Space</Name>
<Val></Val>
</String>
<Boolean>
<Name>Kinematic</Name>
<Val>0</Val>
</Boolean>
<Boolean>
<Name>Visible</Name>
<Val>0</Val>
</Boolean>
<U16>
<Name>Draw Mode</Name>
<Val>1</Val>
</U16>
<Refnum>
<Name>3D Object</Name>
<RefKind>LV Object</RefKind>
<RefType>Scene</RefType>
<Val>0x7AF00FBC</Val>
</Refnum>
<Refnum>
<Name>ODE Body</Name>
<RefKind>Generic</RefKind>
<RefType>LVODE</RefType>
<Val>0x00000000</Val>
</Refnum>
<Array>
<Name>Visual Model Offset</Name>
<Dimsize>4</Dimsize>
<Dimsize>4</Dimsize>
<SGL>
<Name></Name>
<Val>1.00000</Val>
</SGL>
<SGL>
<Name></Name>
<Val>0.00000</Val>
</SGL>
<SGL>
<Name></Name>
<Val>0.00000</Val>
</SGL>
<SGL>
<Name></Name>
<Val>0.00000</Val>
</SGL>
<SGL>
<Name></Name>
<Val>0.00000</Val>
</SGL>
<SGL>
<Name></Name>
<Val>1.00000</Val>
</SGL>
<SGL>
<Name></Name>
<Val>0.00000</Val>
</SGL>
<SGL>
<Name></Name>
<Val>0.00000</Val>
</SGL>
<SGL>
<Name></Name>
<Val>0.00000</Val>
</SGL>
<SGL>
<Name></Name>
<Val>0.00000</Val>
</SGL>
<SGL>
<Name></Name>
<Val>1.00000</Val>
</SGL>
<SGL>
<Name></Name>
<Val>0.00000</Val>
</SGL>
<SGL>
<Name></Name>
<Val>0.00000</Val>
</SGL>
<SGL>
<Name></Name>
<Val>0.00000</Val>
</SGL>
<SGL>
<Name></Name>
<Val>0.00000</Val>
</SGL>
<SGL>
<Name></Name>
<Val>1.00000</Val>
</SGL>
</Array>
</Cluster>
<Cluster>
<Name>3D_Physics_Cylinder.lvclass</Name>
<NumElts>3</NumElts>
<SGL>
<Name>Height</Name>
<Val>3.00000E-3</Val>
</SGL>
<SGL>
<Name>Radius</Name>
<Val>0.16100</Val>
</SGL>
<Refnum>
<Name>ODE Geometry</Name>
<RefKind>Generic</RefKind>
<RefType>LVODE</RefType>
<Val>0x00000000</Val>
</Refnum>
</Cluster>
</Object>
<U32>
<Name>Sampling Rate</Name>
<Val>100</Val>
</U32>
<SGL>
<Name>Noise</Name>
<Val>0.00000</Val>
</SGL>
<SGL>
<Name>Resolution</Name>
<Val>0.00000</Val>
</SGL>
<EW>
<Name>Attached to Servo</Name>
<Choice>Fixed</Choice>
<Choice>Up Rotate</Choice>
<Choice>Down Rotate</Choice>
<Choice>Customized</Choice>
<Val>0</Val>
</EW>
<Refnum>
<Name>LVODE Refnum</Name>
<RefKind>Generic</RefKind>
<RefType>LVODE</RefType>
<Val>0x00000000</Val>
</Refnum>
</Cluster>
<Cluster>
</Cluster>
</Object>
<Object>
<Name>NI_Robotics_Simulator.lvlib:ODESimulator_Base_Sensor.lvclass</Name>
<NumLevels>2</NumLevels>
<Class>NI_Robotics_Simulator.lvlib:ODESimulator_Bumper.lvclass</Class>
<Version>1.0.0.1</Version>
<Version>1.0.0.8</Version>
<Cluster>
<Name>ODESimulator_Base_Sensor.lvclass</Name>
<NumElts>10</NumElts>
<String>
<Name>ID</Name>
<Val>Bumper 2</Val>
</String>
<String>
<Name>Type</Name>
<Val></Val>
</String>
<String>
<Name>Owner ID</Name>
<Val>iRobot Create_R0</Val>
</String>
<String>
<Name>Servo ID</Name>
<Val></Val>
</String>
<Object>
<Name>Base Prop</Name>
<NumLevels>2</NumLevels>
<Class>NI_Robotics_Simulator.lvlib:3D_Physics_Cylinder.lvclass</Class>
<Version>1.0.0.1</Version>
<Version>1.0.0.16</Version>
<Cluster>
<Name>3D_Physics_Base.lvclass</Name>
<NumElts>18</NumElts>
<String>
<Name>ID</Name>
<Val>Bumper 2</Val>
</String>
<Cluster>
<Name>Position</Name>
<NumElts>3</NumElts>
<SGL>
<Name>X</Name>
<Val>0.14000</Val>
</SGL>
<SGL>
<Name>Y</Name>
<Val>0.00000</Val>
</SGL>
<SGL>
<Name>Z</Name>
<Val>-6.05000E-2</Val>
</SGL>
</Cluster>
<Cluster>
<Name>Rotation</Name>
<NumElts>2</NumElts>
<Cluster>
<Name>Axis</Name>
<NumElts>3</NumElts>
<SGL>
<Name>X</Name>
<Val>0.00000</Val>
</SGL>
<SGL>
<Name>Y</Name>
<Val>0.00000</Val>
</SGL>
<SGL>
<Name>Z</Name>
<Val>1.00000</Val>
</SGL>
</Cluster>
<SGL>
<Name>Angle</Name>
<Val>0.00000</Val>
</SGL>
</Cluster>
<SGL>
<Name>Mass</Name>
<Val>2.00000E-3</Val>
</SGL>
<Array>
<Name>Mass Center</Name>
<Dimsize>0</Dimsize>
<SGL>
<Name>num</Name>
<Val></Val>
</SGL>
</Array>
<Array>
<Name>Inertia Matrix</Name>
<Dimsize>3</Dimsize>
<Dimsize>3</Dimsize>
<SGL>
<Name></Name>
<Val>0.00000</Val>
</SGL>
<SGL>
<Name></Name>
<Val>0.00000</Val>
</SGL>
<SGL>
<Name></Name>
<Val>0.00000</Val>
</SGL>
<SGL>
<Name></Name>
<Val>0.00000</Val>
</SGL>
<SGL>
<Name></Name>
<Val>0.00000</Val>
</SGL>
<SGL>
<Name></Name>
<Val>0.00000</Val>
</SGL>
<SGL>
<Name></Name>
<Val>0.00000</Val>
</SGL>
<SGL>
<Name></Name>
<Val>0.00000</Val>
</SGL>
<SGL>
<Name></Name>
<Val>0.00000</Val>
</SGL>
</Array>
<U16>
<Name>Material</Name>
<Val>0</Val>
</U16>
<Cluster>
<Name>Color</Name>
<NumElts>4</NumElts>
<SGL>
<Name>Red</Name>
<Val>1.00000</Val>
</SGL>
<SGL>
<Name>Green</Name>
<Val>1.00000</Val>
</SGL>
<SGL>
<Name>Blue</Name>
<Val>1.00000</Val>
</SGL>
<SGL>
<Name>Alpha</Name>
<Val>1.00000</Val>
</SGL>
</Cluster>
<Path>
<Name>Model File (.ive)</Name>
<Val></Val>
</Path>
<Path>
<Name>Model File (.stl)</Name>
<Val></Val>
</Path>
<Path>
<Name>Texture File (.png)</Name>
<Val></Val>
</Path>
<String>
<Name>Sub-Space</Name>
<Val></Val>
</String>
<Boolean>
<Name>Kinematic</Name>
<Val>0</Val>
</Boolean>
<Boolean>
<Name>Visible</Name>
<Val>0</Val>
</Boolean>
<U16>
<Name>Draw Mode</Name>
<Val>1</Val>
</U16>
<Refnum>
<Name>3D Object</Name>
<RefKind>LV Object</RefKind>
<RefType>Scene</RefType>
<Val>0x7BC00FC3</Val>
</Refnum>
<Refnum>
<Name>ODE Body</Name>
<RefKind>Generic</RefKind>
<RefType>LVODE</RefType>
<Val>0x00000000</Val>
</Refnum>
<Array>
<Name>Visual Model Offset</Name>
<Dimsize>4</Dimsize>
<Dimsize>4</Dimsize>
<SGL>
<Name></Name>
<Val>1.00000</Val>
</SGL>
<SGL>
<Name></Name>
<Val>0.00000</Val>
</SGL>
<SGL>
<Name></Name>
<Val>0.00000</Val>
</SGL>
<SGL>
<Name></Name>
<Val>0.00000</Val>
</SGL>
<SGL>
<Name></Name>
<Val>0.00000</Val>
</SGL>
<SGL>
<Name></Name>
<Val>1.00000</Val>
</SGL>
<SGL>
<Name></Name>
<Val>0.00000</Val>
</SGL>
<SGL>
<Name></Name>
<Val>0.00000</Val>
</SGL>
<SGL>
<Name></Name>
<Val>0.00000</Val>
</SGL>
<SGL>
<Name></Name>
<Val>0.00000</Val>
</SGL>
<SGL>
<Name></Name>
<Val>1.00000</Val>
</SGL>
<SGL>
<Name></Name>
<Val>0.00000</Val>
</SGL>
<SGL>
<Name></Name>
<Val>0.00000</Val>
</SGL>
<SGL>
<Name></Name>
<Val>0.00000</Val>
</SGL>
<SGL>
<Name></Name>
<Val>0.00000</Val>
</SGL>
<SGL>
<Name></Name>
<Val>1.00000</Val>
</SGL>
</Array>
</Cluster>
<Cluster>
<Name>3D_Physics_Cylinder.lvclass</Name>
<NumElts>3</NumElts>
<SGL>
<Name>Height</Name>
<Val>3.00000E-3</Val>
</SGL>
<SGL>
<Name>Radius</Name>
<Val>2.00000E-3</Val>
</SGL>
<Refnum>
<Name>ODE Geometry</Name>
<RefKind>Generic</RefKind>
<RefType>LVODE</RefType>
<Val>0x00000000</Val>
</Refnum>
</Cluster>
</Object>
<U32>
<Name>Sampling Rate</Name>
<Val>100</Val>
</U32>
<SGL>
<Name>Noise</Name>
<Val>0.00000</Val>
</SGL>
<SGL>
<Name>Resolution</Name>
<Val>0.00000</Val>
</SGL>
<EW>
<Name>Attached to Servo</Name>
<Choice>Fixed</Choice>
<Choice>Up Rotate</Choice>
<Choice>Down Rotate</Choice>
<Choice>Customized</Choice>
<Val>0</Val>
</EW>
<Refnum>
<Name>LVODE Refnum</Name>
<RefKind>Generic</RefKind>
<RefType>LVODE</RefType>
<Val>0x00000000</Val>
</Refnum>
</Cluster>
<Cluster>
</Cluster>
</Object>
<Object>
<Name>NI_Robotics_Simulator.lvlib:ODESimulator_Base_Sensor.lvclass</Name>
<NumLevels>2</NumLevels>
<Class>NI_Robotics_Simulator.lvlib:ODESimulator_Bumper.lvclass</Class>
<Version>1.0.0.1</Version>
<Version>1.0.0.8</Version>
<Cluster>
<Name>ODESimulator_Base_Sensor.lvclass</Name>
<NumElts>10</NumElts>
<String>
<Name>ID</Name>
<Val>Bumper 3</Val>
</String>
<String>
<Name>Type</Name>
<Val></Val>
</String>
<String>
<Name>Owner ID</Name>
<Val>iRobot Create_R0</Val>
</String>
<String>
<Name>Servo ID</Name>
<Val></Val>
</String>
<Object>
<Name>Base Prop</Name>
<NumLevels>2</NumLevels>
<Class>NI_Robotics_Simulator.lvlib:3D_Physics_Cylinder.lvclass</Class>
<Version>1.0.0.1</Version>
<Version>1.0.0.16</Version>
<Cluster>
<Name>3D_Physics_Base.lvclass</Name>
<NumElts>18</NumElts>
<String>
<Name>ID</Name>
<Val>Bumper 3</Val>
</String>
<Cluster>
<Name>Position</Name>
<NumElts>3</NumElts>
<SGL>
<Name>X</Name>
<Val>-0.14000</Val>
</SGL>
<SGL>
<Name>Y</Name>
<Val>0.00000</Val>
</SGL>
<SGL>
<Name>Z</Name>
<Val>-6.05000E-2</Val>
</SGL>
</Cluster>
<Cluster>
<Name>Rotation</Name>
<NumElts>2</NumElts>
<Cluster>
<Name>Axis</Name>
<NumElts>3</NumElts>
<SGL>
<Name>X</Name>
<Val>0.00000</Val>
</SGL>
<SGL>
<Name>Y</Name>
<Val>0.00000</Val>
</SGL>
<SGL>
<Name>Z</Name>
<Val>1.00000</Val>
</SGL>
</Cluster>
<SGL>
<Name>Angle</Name>
<Val>0.00000</Val>
</SGL>
</Cluster>
<SGL>
<Name>Mass</Name>
<Val>2.00000E-3</Val>
</SGL>
<Array>
<Name>Mass Center</Name>
<Dimsize>0</Dimsize>
<SGL>
<Name>num</Name>
<Val></Val>
</SGL>
</Array>
<Array>
<Name>Inertia Matrix</Name>
<Dimsize>3</Dimsize>
<Dimsize>3</Dimsize>
<SGL>
<Name></Name>
<Val>0.00000</Val>
</SGL>
<SGL>
<Name></Name>
<Val>0.00000</Val>
</SGL>
<SGL>
<Name></Name>
<Val>0.00000</Val>
</SGL>
<SGL>
<Name></Name>
<Val>0.00000</Val>
</SGL>
<SGL>
<Name></Name>
<Val>0.00000</Val>
</SGL>
<SGL>
<Name></Name>
<Val>0.00000</Val>
</SGL>
<SGL>
<Name></Name>
<Val>0.00000</Val>
</SGL>
<SGL>
<Name></Name>
<Val>0.00000</Val>
</SGL>
<SGL>
<Name></Name>
<Val>0.00000</Val>
</SGL>
</Array>
<U16>
<Name>Material</Name>
<Val>0</Val>
</U16>
<Cluster>
<Name>Color</Name>
<NumElts>4</NumElts>
<SGL>
<Name>Red</Name>
<Val>1.00000</Val>
</SGL>
<SGL>
<Name>Green</Name>
<Val>1.00000</Val>
</SGL>
<SGL>
<Name>Blue</Name>
<Val>1.00000</Val>
</SGL>
<SGL>
<Name>Alpha</Name>
<Val>1.00000</Val>
</SGL>
</Cluster>
<Path>
<Name>Model File (.ive)</Name>
<Val></Val>
</Path>
<Path>
<Name>Model File (.stl)</Name>
<Val></Val>
</Path>
<Path>
<Name>Texture File (.png)</Name>
<Val></Val>
</Path>
<String>
<Name>Sub-Space</Name>
<Val></Val>
</String>
<Boolean>
<Name>Kinematic</Name>
<Val>0</Val>
</Boolean>
<Boolean>
<Name>Visible</Name>
<Val>0</Val>
</Boolean>
<U16>
<Name>Draw Mode</Name>
<Val>1</Val>
</U16>
<Refnum>
<Name>3D Object</Name>
<RefKind>LV Object</RefKind>
<RefType>Scene</RefType>
<Val>0x7C800FC9</Val>
</Refnum>
<Refnum>
<Name>ODE Body</Name>
<RefKind>Generic</RefKind>
<RefType>LVODE</RefType>
<Val>0x00000000</Val>
</Refnum>
<Array>
<Name>Visual Model Offset</Name>
<Dimsize>4</Dimsize>
<Dimsize>4</Dimsize>
<SGL>
<Name></Name>
<Val>1.00000</Val>
</SGL>
<SGL>
<Name></Name>
<Val>0.00000</Val>
</SGL>
<SGL>
<Name></Name>
<Val>0.00000</Val>
</SGL>
<SGL>
<Name></Name>
<Val>0.00000</Val>
</SGL>
<SGL>
<Name></Name>
<Val>0.00000</Val>
</SGL>
<SGL>
<Name></Name>
<Val>1.00000</Val>
</SGL>
<SGL>
<Name></Name>
<Val>0.00000</Val>
</SGL>
<SGL>
<Name></Name>
<Val>0.00000</Val>
</SGL>
<SGL>
<Name></Name>
<Val>0.00000</Val>
</SGL>
<SGL>
<Name></Name>
<Val>0.00000</Val>
</SGL>
<SGL>
<Name></Name>
<Val>1.00000</Val>
</SGL>
<SGL>
<Name></Name>
<Val>0.00000</Val>
</SGL>
<SGL>
<Name></Name>
<Val>0.00000</Val>
</SGL>
<SGL>
<Name></Name>
<Val>0.00000</Val>
</SGL>
<SGL>
<Name></Name>
<Val>0.00000</Val>
</SGL>
<SGL>
<Name></Name>
<Val>1.00000</Val>
</SGL>
</Array>
</Cluster>
<Cluster>
<Name>3D_Physics_Cylinder.lvclass</Name>
<NumElts>3</NumElts>
<SGL>
<Name>Height</Name>
<Val>3.00000E-3</Val>
</SGL>
<SGL>
<Name>Radius</Name>
<Val>2.00000E-3</Val>
</SGL>
<Refnum>
<Name>ODE Geometry</Name>
<RefKind>Generic</RefKind>
<RefType>LVODE</RefType>
<Val>0x00000000</Val>
</Refnum>
</Cluster>
</Object>
<U32>
<Name>Sampling Rate</Name>
<Val>100</Val>
</U32>
<SGL>
<Name>Noise</Name>
<Val>0.00000</Val>
</SGL>
<SGL>
<Name>Resolution</Name>
<Val>0.00000</Val>
</SGL>
<EW>
<Name>Attached to Servo</Name>
<Choice>Fixed</Choice>
<Choice>Up Rotate</Choice>
<Choice>Down Rotate</Choice>
<Choice>Customized</Choice>
<Val>0</Val>
</EW>
<Refnum>
<Name>LVODE Refnum</Name>
<RefKind>Generic</RefKind>
<RefType>LVODE</RefType>
<Val>0x00000000</Val>
</Refnum>
</Cluster>
<Cluster>
</Cluster>
</Object>
<Object>
<Name>NI_Robotics_Simulator.lvlib:ODESimulator_Base_Sensor.lvclass</Name>
<NumLevels>2</NumLevels>
<Class>NI_Robotics_Simulator.lvlib:ODESimulator_Accelerometer.lvclass</Class>
<Version>1.0.0.1</Version>
<Version>1.0.0.8</Version>
<Cluster>
<Name>ODESimulator_Base_Sensor.lvclass</Name>
<NumElts>10</NumElts>
<String>
<Name>ID</Name>
<Val>Accelerometer</Val>
</String>
<String>
<Name>Type</Name>
<Val></Val>
</String>
<String>
<Name>Owner ID</Name>
<Val>iRobot Create_R0</Val>
</String>
<String>
<Name>Servo ID</Name>
<Val></Val>
</String>
<Object>
<Name>Base Prop</Name>
<NumLevels>2</NumLevels>
<Class>NI_Robotics_Simulator.lvlib:3D_Physics_Box.lvclass</Class>
<Version>1.0.0.1</Version>
<Version>1.0.0.16</Version>
<Cluster>
<Name>3D_Physics_Base.lvclass</Name>
<NumElts>18</NumElts>
<String>
<Name>ID</Name>
<Val>Accelerometer</Val>
</String>
<Cluster>
<Name>Position</Name>
<NumElts>3</NumElts>
<SGL>
<Name>X</Name>
<Val>0.00000</Val>
</SGL>
<SGL>
<Name>Y</Name>
<Val>0.00000</Val>
</SGL>
<SGL>
<Name>Z</Name>
<Val>0.00000</Val>
</SGL>
</Cluster>
<Cluster>
<Name>Rotation</Name>
<NumElts>2</NumElts>
<Cluster>
<Name>Axis</Name>
<NumElts>3</NumElts>
<SGL>
<Name>X</Name>
<Val>0.00000</Val>
</SGL>
<SGL>
<Name>Y</Name>
<Val>0.00000</Val>
</SGL>
<SGL>
<Name>Z</Name>
<Val>1.00000</Val>
</SGL>
</Cluster>
<SGL>
<Name>Angle</Name>
<Val>0.00000</Val>
</SGL>
</Cluster>
<SGL>
<Name>Mass</Name>
<Val>1.00000E-3</Val>
</SGL>
<Array>
<Name>Mass Center</Name>
<Dimsize>0</Dimsize>
<SGL>
<Name>num</Name>
<Val></Val>
</SGL>
</Array>
<Array>
<Name>Inertia Matrix</Name>
<Dimsize>3</Dimsize>
<Dimsize>3</Dimsize>
<SGL>
<Name></Name>
<Val>0.00000</Val>
</SGL>
<SGL>
<Name></Name>
<Val>0.00000</Val>
</SGL>
<SGL>
<Name></Name>
<Val>0.00000</Val>
</SGL>
<SGL>
<Name></Name>
<Val>0.00000</Val>
</SGL>
<SGL>
<Name></Name>
<Val>0.00000</Val>
</SGL>
<SGL>
<Name></Name>
<Val>0.00000</Val>
</SGL>
<SGL>
<Name></Name>
<Val>0.00000</Val>
</SGL>
<SGL>
<Name></Name>
<Val>0.00000</Val>
</SGL>
<SGL>
<Name></Name>
<Val>0.00000</Val>
</SGL>
</Array>
<U16>
<Name>Material</Name>
<Val>0</Val>
</U16>
<Cluster>
<Name>Color</Name>
<NumElts>4</NumElts>
<SGL>
<Name>Red</Name>
<Val>1.00000</Val>
</SGL>
<SGL>
<Name>Green</Name>
<Val>1.00000</Val>
</SGL>
<SGL>
<Name>Blue</Name>
<Val>1.00000</Val>
</SGL>
<SGL>
<Name>Alpha</Name>
<Val>1.00000</Val>
</SGL>
</Cluster>
<Path>
<Name>Model File (.ive)</Name>
<Val></Val>
</Path>
<Path>
<Name>Model File (.stl)</Name>
<Val></Val>
</Path>
<Path>
<Name>Texture File (.png)</Name>
<Val></Val>
</Path>
<String>
<Name>Sub-Space</Name>
<Val></Val>
</String>
<Boolean>
<Name>Kinematic</Name>
<Val>0</Val>
</Boolean>
<Boolean>
<Name>Visible</Name>
<Val>1</Val>
</Boolean>
<U16>
<Name>Draw Mode</Name>
<Val>1</Val>
</U16>
<Refnum>
<Name>3D Object</Name>
<RefKind>LV Object</RefKind>
<RefType>Scene</RefType>
<Val>0x7D400FCF</Val>
</Refnum>
<Refnum>
<Name>ODE Body</Name>
<RefKind>Generic</RefKind>
<RefType>LVODE</RefType>
<Val>0x00000000</Val>
</Refnum>
<Array>
<Name>Visual Model Offset</Name>
<Dimsize>4</Dimsize>
<Dimsize>4</Dimsize>
<SGL>
<Name></Name>
<Val>1.00000</Val>
</SGL>
<SGL>
<Name></Name>
<Val>0.00000</Val>
</SGL>
<SGL>
<Name></Name>
<Val>0.00000</Val>
</SGL>
<SGL>
<Name></Name>
<Val>0.00000</Val>
</SGL>
<SGL>
<Name></Name>
<Val>0.00000</Val>
</SGL>
<SGL>
<Name></Name>
<Val>1.00000</Val>
</SGL>
<SGL>
<Name></Name>
<Val>0.00000</Val>
</SGL>
<SGL>
<Name></Name>
<Val>0.00000</Val>
</SGL>
<SGL>
<Name></Name>
<Val>0.00000</Val>
</SGL>
<SGL>
<Name></Name>
<Val>0.00000</Val>
</SGL>
<SGL>
<Name></Name>
<Val>1.00000</Val>
</SGL>
<SGL>
<Name></Name>
<Val>0.00000</Val>
</SGL>
<SGL>
<Name></Name>
<Val>0.00000</Val>
</SGL>
<SGL>
<Name></Name>
<Val>0.00000</Val>
</SGL>
<SGL>
<Name></Name>
<Val>0.00000</Val>
</SGL>
<SGL>
<Name></Name>
<Val>1.00000</Val>
</SGL>
</Array>
</Cluster>
<Cluster>
<Name>3D_Physics_Box.lvclass</Name>
<NumElts>4</NumElts>
<SGL>
<Name>Length X</Name>
<Val>1.00000E-3</Val>
</SGL>
<SGL>
<Name>Length Y</Name>
<Val>1.00000E-3</Val>
</SGL>
<SGL>
<Name>Length Z</Name>
<Val>1.00000E-3</Val>
</SGL>
<Refnum>
<Name>ODE Geometry</Name>
<RefKind>Generic</RefKind>
<RefType>LVODE</RefType>
<Val>0x00000000</Val>
</Refnum>
</Cluster>
</Object>
<U32>
<Name>Sampling Rate</Name>
<Val>100</Val>
</U32>
<SGL>
<Name>Noise</Name>
<Val>0.00000</Val>
</SGL>
<SGL>
<Name>Resolution</Name>
<Val>0.00000</Val>
</SGL>
<EW>
<Name>Attached to Servo</Name>
<Choice>Fixed</Choice>
<Choice>Up Rotate</Choice>
<Choice>Down Rotate</Choice>
<Choice>Customized</Choice>
<Val>0</Val>
</EW>
<Refnum>
<Name>LVODE Refnum</Name>
<RefKind>Generic</RefKind>
<RefType>LVODE</RefType>
<Val>0x00000000</Val>
</Refnum>
</Cluster>
<Cluster>
</Cluster>
</Object>
<Object>
<Name>NI_Robotics_Simulator.lvlib:ODESimulator_Base_Sensor.lvclass</Name>
<NumLevels>2</NumLevels>
<Class>NI_Robotics_Simulator.lvlib:ODESimulator_Distance.lvclass</Class>
<Version>1.0.0.4</Version>
<Version>1.0.0.8</Version>
<Cluster>
<Name>ODESimulator_Base_Sensor.lvclass</Name>
<NumElts>10</NumElts>
<String>
<Name>ID</Name>
<Val>Wall Sensor </Val>
</String>
<String>
<Name>Type</Name>
<Val></Val>
</String>
<String>
<Name>Owner ID</Name>
<Val>iRobot Create_R0</Val>
</String>
<String>
<Name>Servo ID</Name>
<Val></Val>
</String>
<Object>
<Name>Base Prop</Name>
<NumLevels>2</NumLevels>
<Class>NI_Robotics_Simulator.lvlib:3D_Physics_Box.lvclass</Class>
<Version>1.0.0.1</Version>
<Version>1.0.0.16</Version>
<Cluster>
<Name>3D_Physics_Base.lvclass</Name>
<NumElts>18</NumElts>
<String>
<Name>ID</Name>
<Val>Wall Sensor </Val>
</String>
<Cluster>
<Name>Position</Name>
<NumElts>3</NumElts>
<SGL>
<Name>X</Name>
<Val>-4.00000E-2</Val>
</SGL>
<SGL>
<Name>Y</Name>
<Val>0.00000</Val>
</SGL>
<SGL>
<Name>Z</Name>
<Val>1.00000E-2</Val>
</SGL>
</Cluster>
<Cluster>
<Name>Rotation</Name>
<NumElts>2</NumElts>
<Cluster>
<Name>Axis</Name>
<NumElts>3</NumElts>
<SGL>
<Name>X</Name>
<Val>0.00000</Val>
</SGL>
<SGL>
<Name>Y</Name>
<Val>0.00000</Val>
</SGL>
<SGL>
<Name>Z</Name>
<Val>1.00000</Val>
</SGL>
</Cluster>
<SGL>
<Name>Angle</Name>
<Val>-0.78540</Val>
</SGL>
</Cluster>
<SGL>
<Name>Mass</Name>
<Val>0.10000</Val>
</SGL>
<Array>
<Name>Mass Center</Name>
<Dimsize>0</Dimsize>
<SGL>
<Name>num</Name>
<Val></Val>
</SGL>
</Array>
<Array>
<Name>Inertia Matrix</Name>
<Dimsize>3</Dimsize>
<Dimsize>3</Dimsize>
<SGL>
<Name></Name>
<Val>0.00000</Val>
</SGL>
<SGL>
<Name></Name>
<Val>0.00000</Val>
</SGL>
<SGL>
<Name></Name>
<Val>0.00000</Val>
</SGL>
<SGL>
<Name></Name>
<Val>0.00000</Val>
</SGL>
<SGL>
<Name></Name>
<Val>0.00000</Val>
</SGL>
<SGL>
<Name></Name>
<Val>0.00000</Val>
</SGL>
<SGL>
<Name></Name>
<Val>0.00000</Val>
</SGL>
<SGL>
<Name></Name>
<Val>0.00000</Val>
</SGL>
<SGL>
<Name></Name>
<Val>0.00000</Val>
</SGL>
</Array>
<U16>
<Name>Material</Name>
<Val>0</Val>
</U16>
<Cluster>
<Name>Color</Name>
<NumElts>4</NumElts>
<SGL>
<Name>Red</Name>
<Val>1.00000</Val>
</SGL>
<SGL>
<Name>Green</Name>
<Val>1.00000</Val>
</SGL>
<SGL>
<Name>Blue</Name>
<Val>1.00000</Val>
</SGL>
<SGL>
<Name>Alpha</Name>
<Val>1.00000</Val>
</SGL>
</Cluster>
<Path>
<Name>Model File (.ive)</Name>
<Val></Val>
</Path>
<Path>
<Name>Model File (.stl)</Name>
<Val></Val>
</Path>
<Path>
<Name>Texture File (.png)</Name>
<Val></Val>
</Path>
<String>
<Name>Sub-Space</Name>
<Val></Val>
</String>
<Boolean>
<Name>Kinematic</Name>
<Val>0</Val>
</Boolean>
<Boolean>
<Name>Visible</Name>
<Val>1</Val>
</Boolean>
<U16>
<Name>Draw Mode</Name>
<Val>1</Val>
</U16>
<Refnum>
<Name>3D Object</Name>
<RefKind>LV Object</RefKind>
<RefType>Scene</RefType>
<Val>0x7E000FD7</Val>
</Refnum>
<Refnum>
<Name>ODE Body</Name>
<RefKind>Generic</RefKind>
<RefType>LVODE</RefType>
<Val>0x00000000</Val>
</Refnum>
<Array>
<Name>Visual Model Offset</Name>
<Dimsize>4</Dimsize>
<Dimsize>4</Dimsize>
<SGL>
<Name></Name>
<Val>1.00000</Val>
</SGL>
<SGL>
<Name></Name>
<Val>0.00000</Val>
</SGL>
<SGL>
<Name></Name>
<Val>0.00000</Val>
</SGL>
<SGL>
<Name></Name>
<Val>0.00000</Val>
</SGL>
<SGL>
<Name></Name>
<Val>0.00000</Val>
</SGL>
<SGL>
<Name></Name>
<Val>1.00000</Val>
</SGL>
<SGL>
<Name></Name>
<Val>0.00000</Val>
</SGL>
<SGL>
<Name></Name>
<Val>0.00000</Val>
</SGL>
<SGL>
<Name></Name>
<Val>0.00000</Val>
</SGL>
<SGL>
<Name></Name>
<Val>0.00000</Val>
</SGL>
<SGL>
<Name></Name>
<Val>1.00000</Val>
</SGL>
<SGL>
<Name></Name>
<Val>0.00000</Val>
</SGL>
<SGL>
<Name></Name>
<Val>0.00000</Val>
</SGL>
<SGL>
<Name></Name>
<Val>0.00000</Val>
</SGL>
<SGL>
<Name></Name>
<Val>0.00000</Val>
</SGL>
<SGL>
<Name></Name>
<Val>1.00000</Val>
</SGL>
</Array>
</Cluster>
<Cluster>
<Name>3D_Physics_Box.lvclass</Name>
<NumElts>4</NumElts>
<SGL>
<Name>Length X</Name>
<Val>1.00000E-3</Val>
</SGL>
<SGL>
<Name>Length Y</Name>
<Val>1.00000E-3</Val>
</SGL>
<SGL>
<Name>Length Z</Name>
<Val>1.00000E-3</Val>
</SGL>
<Refnum>
<Name>ODE Geometry</Name>
<RefKind>Generic</RefKind>
<RefType>LVODE</RefType>
<Val>0x00000000</Val>
</Refnum>
</Cluster>
</Object>
<U32>
<Name>Sampling Rate</Name>
<Val>100</Val>
</U32>
<SGL>
<Name>Noise</Name>
<Val>0.00000</Val>
</SGL>
<SGL>
<Name>Resolution</Name>
<Val>0.00000</Val>
</SGL>
<EW>
<Name>Attached to Servo</Name>
<Choice>Fixed</Choice>
<Choice>Up Rotate</Choice>
<Choice>Down Rotate</Choice>
<Choice>Customized</Choice>
<Val>0</Val>
</EW>
<Refnum>
<Name>LVODE Refnum</Name>
<RefKind>Generic</RefKind>
<RefType>LVODE</RefType>
<Val>0x00000000</Val>
</Refnum>
</Cluster>
<Cluster>
<Name>ODESimulator_Distance.lvclass</Name>
<NumElts>2</NumElts>
<SGL>
<Name>Low Range</Name>
<Val>0.00000</Val>
</SGL>
<SGL>
<Name>High Range</Name>
<Val>4.00000</Val>
</SGL>
</Cluster>
</Object>
</Array>
<Array>
<Name>Components</Name>
<Dimsize>6</Dimsize>
<Object>
<Name>ODE Simulator.lvlib:Base.lvclass</Name>
<NumLevels>2</NumLevels>
<Class>NI_Robotics_Simulator.lvlib:3D_Physics_Cylinder.lvclass</Class>
<Version>1.0.0.1</Version>
<Version>1.0.0.16</Version>
<Cluster>
<Name>3D_Physics_Base.lvclass</Name>
<NumElts>18</NumElts>
<String>
<Name>ID</Name>
<Val>Body Frame</Val>
</String>
<Cluster>
<Name>Position</Name>
<NumElts>3</NumElts>
<SGL>
<Name>X</Name>
<Val>0.00000</Val>
</SGL>
<SGL>
<Name>Y</Name>
<Val>0.00000</Val>
</SGL>
<SGL>
<Name>Z</Name>
<Val>0.00000</Val>
</SGL>
</Cluster>
<Cluster>
<Name>Rotation</Name>
<NumElts>2</NumElts>
<Cluster>
<Name>Axis</Name>
<NumElts>3</NumElts>
<SGL>
<Name>X</Name>
<Val>0.00000</Val>
</SGL>
<SGL>
<Name>Y</Name>
<Val>0.00000</Val>
</SGL>
<SGL>
<Name>Z</Name>
<Val>1.00000</Val>
</SGL>
</Cluster>
<SGL>
<Name>Angle</Name>
<Val>0.00000</Val>
</SGL>
</Cluster>
<SGL>
<Name>Mass</Name>
<Val>2.00000</Val>
</SGL>
<Array>
<Name>Mass Center</Name>
<Dimsize>0</Dimsize>
<SGL>
<Name>num</Name>
<Val></Val>
</SGL>
</Array>
<Array>
<Name>Inertia Matrix</Name>
<Dimsize>3</Dimsize>
<Dimsize>3</Dimsize>
<SGL>
<Name></Name>
<Val>0.00000</Val>
</SGL>
<SGL>
<Name></Name>
<Val>0.00000</Val>
</SGL>
<SGL>
<Name></Name>
<Val>0.00000</Val>
</SGL>
<SGL>
<Name></Name>
<Val>0.00000</Val>
</SGL>
<SGL>
<Name></Name>
<Val>0.00000</Val>
</SGL>
<SGL>
<Name></Name>
<Val>0.00000</Val>
</SGL>
<SGL>
<Name></Name>
<Val>0.00000</Val>
</SGL>
<SGL>
<Name></Name>
<Val>0.00000</Val>
</SGL>
<SGL>
<Name></Name>
<Val>0.00000</Val>
</SGL>
</Array>
<U16>
<Name>Material</Name>
<Val>9</Val>
</U16>
<Cluster>
<Name>Color</Name>
<NumElts>4</NumElts>
<SGL>
<Name>Red</Name>
<Val>1.00000</Val>
</SGL>
<SGL>
<Name>Green</Name>
<Val>1.00000</Val>
</SGL>
<SGL>
<Name>Blue</Name>
<Val>1.00000</Val>
</SGL>
<SGL>
<Name>Alpha</Name>
<Val>1.00000</Val>
</SGL>
</Cluster>
<Path>
<Name>Model File (.ive)</Name>
<Val>Environment - east ramp obstacleRSC\ive\icreate_body.ive</Val>
</Path>
<Path>
<Name>Model File (.stl)</Name>
<Val></Val>
</Path>
<Path>
<Name>Texture File (.png)</Name>
<Val></Val>
</Path>
<String>
<Name>Sub-Space</Name>
<Val></Val>
</String>
<Boolean>
<Name>Kinematic</Name>
<Val>0</Val>
</Boolean>
<Boolean>
<Name>Visible</Name>
<Val>1</Val>
</Boolean>
<U16>
<Name>Draw Mode</Name>
<Val>1</Val>
</U16>
<Refnum>
<Name>3D Object</Name>
<RefKind>LV Object</RefKind>
<RefType>Scene</RefType>
<Val>0x71D00F71</Val>
</Refnum>
<Refnum>
<Name>ODE Body</Name>
<RefKind>Generic</RefKind>
<RefType>LVODE</RefType>
<Val>0x00000000</Val>
</Refnum>
<Array>
<Name>Visual Model Offset</Name>
<Dimsize>4</Dimsize>
<Dimsize>4</Dimsize>
<SGL>
<Name></Name>
<Val>1.00000</Val>
</SGL>
<SGL>
<Name></Name>
<Val>0.00000</Val>
</SGL>
<SGL>
<Name></Name>
<Val>0.00000</Val>
</SGL>
<SGL>
<Name></Name>
<Val>0.00000</Val>
</SGL>
<SGL>
<Name></Name>
<Val>0.00000</Val>
</SGL>
<SGL>
<Name></Name>
<Val>1.00000</Val>
</SGL>
<SGL>
<Name></Name>
<Val>0.00000</Val>
</SGL>
<SGL>
<Name></Name>
<Val>0.00000</Val>
</SGL>
<SGL>
<Name></Name>
<Val>0.00000</Val>
</SGL>
<SGL>
<Name></Name>
<Val>0.00000</Val>
</SGL>
<SGL>
<Name></Name>
<Val>1.00000</Val>
</SGL>
<SGL>
<Name></Name>
<Val>0.00000</Val>
</SGL>
<SGL>
<Name></Name>
<Val>0.00000</Val>
</SGL>
<SGL>
<Name></Name>
<Val>0.00000</Val>
</SGL>
<SGL>
<Name></Name>
<Val>0.00000</Val>
</SGL>
<SGL>
<Name></Name>
<Val>1.00000</Val>
</SGL>
</Array>
</Cluster>
<Cluster>
<Name>3D_Physics_Cylinder.lvclass</Name>
<NumElts>3</NumElts>
<SGL>
<Name>Height</Name>
<Val>8.00000E-2</Val>
</SGL>
<SGL>
<Name>Radius</Name>
<Val>0.16500</Val>
</SGL>
<Refnum>
<Name>ODE Geometry</Name>
<RefKind>Generic</RefKind>
<RefType>LVODE</RefType>
<Val>0x00000000</Val>
</Refnum>
</Cluster>
</Object>
<Object>
<Name>ODE Simulator.lvlib:Base.lvclass</Name>
<NumLevels>2</NumLevels>
<Class>NI_Robotics_Simulator.lvlib:3D_Physics_Cylinder.lvclass</Class>
<Version>1.0.0.1</Version>
<Version>1.0.0.16</Version>
<Cluster>
<Name>3D_Physics_Base.lvclass</Name>
<NumElts>18</NumElts>
<String>
<Name>ID</Name>
<Val>Wheel 1</Val>
</String>
<Cluster>
<Name>Position</Name>
<NumElts>3</NumElts>
<SGL>
<Name>X</Name>
<Val>-0.12000</Val>
</SGL>
<SGL>
<Name>Y</Name>
<Val>0.00000</Val>
</SGL>
<SGL>
<Name>Z</Name>
<Val>-3.00000E-2</Val>
</SGL>
</Cluster>
<Cluster>
<Name>Rotation</Name>
<NumElts>2</NumElts>
<Cluster>
<Name>Axis</Name>
<NumElts>3</NumElts>
<SGL>
<Name>X</Name>
<Val>0.00000</Val>
</SGL>
<SGL>
<Name>Y</Name>
<Val>1.00000</Val>
</SGL>
<SGL>
<Name>Z</Name>
<Val>0.00000</Val>
</SGL>
</Cluster>
<SGL>
<Name>Angle</Name>
<Val>-1.57080</Val>
</SGL>
</Cluster>
<SGL>
<Name>Mass</Name>
<Val>0.20000</Val>
</SGL>
<Array>
<Name>Mass Center</Name>
<Dimsize>0</Dimsize>
<SGL>
<Name>num</Name>
<Val></Val>
</SGL>
</Array>
<Array>
<Name>Inertia Matrix</Name>
<Dimsize>3</Dimsize>
<Dimsize>3</Dimsize>
<SGL>
<Name></Name>
<Val>0.00000</Val>
</SGL>
<SGL>
<Name></Name>
<Val>0.00000</Val>
</SGL>
<SGL>
<Name></Name>
<Val>0.00000</Val>
</SGL>
<SGL>
<Name></Name>
<Val>0.00000</Val>
</SGL>
<SGL>
<Name></Name>
<Val>0.00000</Val>
</SGL>
<SGL>
<Name></Name>
<Val>0.00000</Val>
</SGL>
<SGL>
<Name></Name>
<Val>0.00000</Val>
</SGL>
<SGL>
<Name></Name>
<Val>0.00000</Val>
</SGL>
<SGL>
<Name></Name>
<Val>0.00000</Val>
</SGL>
</Array>
<U16>
<Name>Material</Name>
<Val>9</Val>
</U16>
<Cluster>
<Name>Color</Name>
<NumElts>4</NumElts>
<SGL>
<Name>Red</Name>
<Val>1.00000</Val>
</SGL>
<SGL>
<Name>Green</Name>
<Val>1.00000</Val>
</SGL>
<SGL>
<Name>Blue</Name>
<Val>1.00000</Val>
</SGL>
<SGL>
<Name>Alpha</Name>
<Val>1.00000</Val>
</SGL>
</Cluster>
<Path>
<Name>Model File (.ive)</Name>
<Val>Environment - east ramp obstacleRSC\ive\side_wheel.ive</Val>
</Path>
<Path>
<Name>Model File (.stl)</Name>
<Val></Val>
</Path>
<Path>
<Name>Texture File (.png)</Name>
<Val></Val>
</Path>
<String>
<Name>Sub-Space</Name>
<Val></Val>
</String>
<Boolean>
<Name>Kinematic</Name>
<Val>0</Val>
</Boolean>
<Boolean>
<Name>Visible</Name>
<Val>1</Val>
</Boolean>
<U16>
<Name>Draw Mode</Name>
<Val>1</Val>
</U16>
<Refnum>
<Name>3D Object</Name>
<RefKind>LV Object</RefKind>
<RefType>Scene</RefType>
<Val>0x73600F7E</Val>
</Refnum>
<Refnum>
<Name>ODE Body</Name>
<RefKind>Generic</RefKind>
<RefType>LVODE</RefType>
<Val>0x00000000</Val>
</Refnum>
<Array>
<Name>Visual Model Offset</Name>
<Dimsize>4</Dimsize>
<Dimsize>4</Dimsize>
<SGL>
<Name></Name>
<Val>1.00000</Val>
</SGL>
<SGL>
<Name></Name>
<Val>0.00000</Val>
</SGL>
<SGL>
<Name></Name>
<Val>0.00000</Val>
</SGL>
<SGL>
<Name></Name>
<Val>0.00000</Val>
</SGL>
<SGL>
<Name></Name>
<Val>0.00000</Val>
</SGL>
<SGL>
<Name></Name>
<Val>1.00000</Val>
</SGL>
<SGL>
<Name></Name>
<Val>0.00000</Val>
</SGL>
<SGL>
<Name></Name>
<Val>0.00000</Val>
</SGL>
<SGL>
<Name></Name>
<Val>0.00000</Val>
</SGL>
<SGL>
<Name></Name>
<Val>0.00000</Val>
</SGL>
<SGL>
<Name></Name>
<Val>1.00000</Val>
</SGL>
<SGL>
<Name></Name>
<Val>0.00000</Val>
</SGL>
<SGL>
<Name></Name>
<Val>0.00000</Val>
</SGL>
<SGL>
<Name></Name>
<Val>0.00000</Val>
</SGL>
<SGL>
<Name></Name>
<Val>0.00000</Val>
</SGL>
<SGL>
<Name></Name>
<Val>1.00000</Val>
</SGL>
</Array>
</Cluster>
<Cluster>
<Name>3D_Physics_Cylinder.lvclass</Name>
<NumElts>3</NumElts>
<SGL>
<Name>Height</Name>
<Val>2.50000E-2</Val>
</SGL>
<SGL>
<Name>Radius</Name>
<Val>3.17000E-2</Val>
</SGL>
<Refnum>
<Name>ODE Geometry</Name>
<RefKind>Generic</RefKind>
<RefType>LVODE</RefType>
<Val>0x00000000</Val>
</Refnum>
</Cluster>
</Object>
<Object>
<Name>ODE Simulator.lvlib:Base.lvclass</Name>
<NumLevels>2</NumLevels>
<Class>NI_Robotics_Simulator.lvlib:3D_Physics_Cylinder.lvclass</Class>
<Version>1.0.0.1</Version>
<Version>1.0.0.16</Version>
<Cluster>
<Name>3D_Physics_Base.lvclass</Name>
<NumElts>18</NumElts>
<String>
<Name>ID</Name>
<Val>Wheel 2</Val>
</String>
<Cluster>
<Name>Position</Name>
<NumElts>3</NumElts>
<SGL>
<Name>X</Name>
<Val>0.12000</Val>
</SGL>
<SGL>
<Name>Y</Name>
<Val>0.00000</Val>
</SGL>
<SGL>
<Name>Z</Name>
<Val>-3.00000E-2</Val>
</SGL>
</Cluster>
<Cluster>
<Name>Rotation</Name>
<NumElts>2</NumElts>
<Cluster>
<Name>Axis</Name>
<NumElts>3</NumElts>
<SGL>
<Name>X</Name>
<Val>0.00000</Val>
</SGL>
<SGL>
<Name>Y</Name>
<Val>1.00000</Val>
</SGL>
<SGL>
<Name>Z</Name>
<Val>0.00000</Val>
</SGL>
</Cluster>
<SGL>
<Name>Angle</Name>
<Val>1.57080</Val>
</SGL>
</Cluster>
<SGL>
<Name>Mass</Name>
<Val>0.20000</Val>
</SGL>
<Array>
<Name>Mass Center</Name>
<Dimsize>0</Dimsize>
<SGL>
<Name>num</Name>
<Val></Val>
</SGL>
</Array>
<Array>
<Name>Inertia Matrix</Name>
<Dimsize>3</Dimsize>
<Dimsize>3</Dimsize>
<SGL>
<Name></Name>
<Val>0.00000</Val>
</SGL>
<SGL>
<Name></Name>
<Val>0.00000</Val>
</SGL>
<SGL>
<Name></Name>
<Val>0.00000</Val>
</SGL>
<SGL>
<Name></Name>
<Val>0.00000</Val>
</SGL>
<SGL>
<Name></Name>
<Val>0.00000</Val>
</SGL>
<SGL>
<Name></Name>
<Val>0.00000</Val>
</SGL>
<SGL>
<Name></Name>
<Val>0.00000</Val>
</SGL>
<SGL>
<Name></Name>
<Val>0.00000</Val>
</SGL>
<SGL>
<Name></Name>
<Val>0.00000</Val>
</SGL>
</Array>
<U16>
<Name>Material</Name>
<Val>9</Val>
</U16>
<Cluster>
<Name>Color</Name>
<NumElts>4</NumElts>
<SGL>
<Name>Red</Name>
<Val>1.00000</Val>
</SGL>
<SGL>
<Name>Green</Name>
<Val>1.00000</Val>
</SGL>
<SGL>
<Name>Blue</Name>
<Val>1.00000</Val>
</SGL>
<SGL>
<Name>Alpha</Name>
<Val>1.00000</Val>
</SGL>
</Cluster>
<Path>
<Name>Model File (.ive)</Name>
<Val>Environment - east ramp obstacleRSC\ive\side_wheel.ive</Val>
</Path>
<Path>
<Name>Model File (.stl)</Name>
<Val></Val>
</Path>
<Path>
<Name>Texture File (.png)</Name>
<Val></Val>
</Path>
<String>
<Name>Sub-Space</Name>
<Val></Val>
</String>
<Boolean>
<Name>Kinematic</Name>
<Val>0</Val>
</Boolean>
<Boolean>
<Name>Visible</Name>
<Val>1</Val>
</Boolean>
<U16>
<Name>Draw Mode</Name>
<Val>1</Val>
</U16>
<Refnum>
<Name>3D Object</Name>
<RefKind>LV Object</RefKind>
<RefType>Scene</RefType>
<Val>0x75200F8D</Val>
</Refnum>
<Refnum>
<Name>ODE Body</Name>
<RefKind>Generic</RefKind>
<RefType>LVODE</RefType>
<Val>0x00000000</Val>
</Refnum>
<Array>
<Name>Visual Model Offset</Name>
<Dimsize>4</Dimsize>
<Dimsize>4</Dimsize>
<SGL>
<Name></Name>
<Val>1.00000</Val>
</SGL>
<SGL>
<Name></Name>
<Val>0.00000</Val>
</SGL>
<SGL>
<Name></Name>
<Val>0.00000</Val>
</SGL>
<SGL>
<Name></Name>
<Val>0.00000</Val>
</SGL>
<SGL>
<Name></Name>
<Val>0.00000</Val>
</SGL>
<SGL>
<Name></Name>
<Val>1.00000</Val>
</SGL>
<SGL>
<Name></Name>
<Val>0.00000</Val>
</SGL>
<SGL>
<Name></Name>
<Val>0.00000</Val>
</SGL>
<SGL>
<Name></Name>
<Val>0.00000</Val>
</SGL>
<SGL>
<Name></Name>
<Val>0.00000</Val>
</SGL>
<SGL>
<Name></Name>
<Val>1.00000</Val>
</SGL>
<SGL>
<Name></Name>
<Val>0.00000</Val>
</SGL>
<SGL>
<Name></Name>
<Val>0.00000</Val>
</SGL>
<SGL>
<Name></Name>
<Val>0.00000</Val>
</SGL>
<SGL>
<Name></Name>
<Val>0.00000</Val>
</SGL>
<SGL>
<Name></Name>
<Val>1.00000</Val>
</SGL>
</Array>
</Cluster>
<Cluster>
<Name>3D_Physics_Cylinder.lvclass</Name>
<NumElts>3</NumElts>
<SGL>
<Name>Height</Name>
<Val>2.50000E-2</Val>
</SGL>
<SGL>
<Name>Radius</Name>
<Val>3.17000E-2</Val>
</SGL>
<Refnum>
<Name>ODE Geometry</Name>
<RefKind>Generic</RefKind>
<RefType>LVODE</RefType>
<Val>0x00000000</Val>
</Refnum>
</Cluster>
</Object>
<Object>
<Name>ODE Simulator.lvlib:Base.lvclass</Name>
<NumLevels>2</NumLevels>
<Class>NI_Robotics_Simulator.lvlib:3D_Physics_Sphere.lvclass</Class>
<Version>1.0.0.1</Version>
<Version>1.0.0.16</Version>
<Cluster>
<Name>3D_Physics_Base.lvclass</Name>
<NumElts>18</NumElts>
<String>
<Name>ID</Name>
<Val>Support</Val>
</String>
<Cluster>
<Name>Position</Name>
<NumElts>3</NumElts>
<SGL>
<Name>X</Name>
<Val>0.00000</Val>
</SGL>
<SGL>
<Name>Y</Name>
<Val>-0.12000</Val>
</SGL>
<SGL>
<Name>Z</Name>
<Val>-4.52000E-2</Val>
</SGL>
</Cluster>
<Cluster>
<Name>Rotation</Name>
<NumElts>2</NumElts>
<Cluster>
<Name>Axis</Name>
<NumElts>3</NumElts>
<SGL>
<Name>X</Name>
<Val>0.00000</Val>
</SGL>
<SGL>
<Name>Y</Name>
<Val>0.00000</Val>
</SGL>
<SGL>
<Name>Z</Name>
<Val>1.00000</Val>
</SGL>
</Cluster>
<SGL>
<Name>Angle</Name>
<Val>0.00000</Val>
</SGL>
</Cluster>
<SGL>
<Name>Mass</Name>
<Val>0.20000</Val>
</SGL>
<Array>
<Name>Mass Center</Name>
<Dimsize>0</Dimsize>
<SGL>
<Name>num</Name>
<Val></Val>
</SGL>
</Array>
<Array>
<Name>Inertia Matrix</Name>
<Dimsize>3</Dimsize>
<Dimsize>3</Dimsize>
<SGL>
<Name></Name>
<Val>0.00000</Val>
</SGL>
<SGL>
<Name></Name>
<Val>0.00000</Val>
</SGL>
<SGL>
<Name></Name>
<Val>0.00000</Val>
</SGL>
<SGL>
<Name></Name>
<Val>0.00000</Val>
</SGL>
<SGL>
<Name></Name>
<Val>0.00000</Val>
</SGL>
<SGL>
<Name></Name>
<Val>0.00000</Val>
</SGL>
<SGL>
<Name></Name>
<Val>0.00000</Val>
</SGL>
<SGL>
<Name></Name>
<Val>0.00000</Val>
</SGL>
<SGL>
<Name></Name>
<Val>0.00000</Val>
</SGL>
</Array>
<U16>
<Name>Material</Name>
<Val>0</Val>
</U16>
<Cluster>
<Name>Color</Name>
<NumElts>4</NumElts>
<SGL>
<Name>Red</Name>
<Val>1.00000</Val>
</SGL>
<SGL>
<Name>Green</Name>
<Val>1.00000</Val>
</SGL>
<SGL>
<Name>Blue</Name>
<Val>1.00000</Val>
</SGL>
<SGL>
<Name>Alpha</Name>
<Val>1.00000</Val>
</SGL>
</Cluster>
<Path>
<Name>Model File (.ive)</Name>
<Val>Environment - east ramp obstacleRSC\ive\front_wheel.ive</Val>
</Path>
<Path>
<Name>Model File (.stl)</Name>
<Val></Val>
</Path>
<Path>
<Name>Texture File (.png)</Name>
<Val></Val>
</Path>
<String>
<Name>Sub-Space</Name>
<Val></Val>
</String>
<Boolean>
<Name>Kinematic</Name>
<Val>0</Val>
</Boolean>
<Boolean>
<Name>Visible</Name>
<Val>1</Val>
</Boolean>
<U16>
<Name>Draw Mode</Name>
<Val>1</Val>
</U16>
<Refnum>
<Name>3D Object</Name>
<RefKind>LV Object</RefKind>
<RefType>Scene</RefType>
<Val>0x76C00F99</Val>
</Refnum>
<Refnum>
<Name>ODE Body</Name>
<RefKind>Generic</RefKind>
<RefType>LVODE</RefType>
<Val>0x00000000</Val>
</Refnum>
<Array>
<Name>Visual Model Offset</Name>
<Dimsize>4</Dimsize>
<Dimsize>4</Dimsize>
<SGL>
<Name></Name>
<Val>1.00000</Val>
</SGL>
<SGL>
<Name></Name>
<Val>0.00000</Val>
</SGL>
<SGL>
<Name></Name>
<Val>0.00000</Val>
</SGL>
<SGL>
<Name></Name>
<Val>0.00000</Val>
</SGL>
<SGL>
<Name></Name>
<Val>0.00000</Val>
</SGL>
<SGL>
<Name></Name>
<Val>1.00000</Val>
</SGL>
<SGL>
<Name></Name>
<Val>0.00000</Val>
</SGL>
<SGL>
<Name></Name>
<Val>0.00000</Val>
</SGL>
<SGL>
<Name></Name>
<Val>0.00000</Val>
</SGL>
<SGL>
<Name></Name>
<Val>0.00000</Val>
</SGL>
<SGL>
<Name></Name>
<Val>1.00000</Val>
</SGL>
<SGL>
<Name></Name>
<Val>0.00000</Val>
</SGL>
<SGL>
<Name></Name>
<Val>0.00000</Val>
</SGL>
<SGL>
<Name></Name>
<Val>0.00000</Val>
</SGL>
<SGL>
<Name></Name>
<Val>0.00000</Val>
</SGL>
<SGL>
<Name></Name>
<Val>1.00000</Val>
</SGL>
</Array>
</Cluster>
<Cluster>
<Name>3D_Physics_Sphere.lvclass</Name>
<NumElts>2</NumElts>
<SGL>
<Name>Radius</Name>
<Val>8.85000E-3</Val>
</SGL>
<Refnum>
<Name>ODE Geometry</Name>
<RefKind>Generic</RefKind>
<RefType>LVODE</RefType>
<Val>0x00000000</Val>
</Refnum>
</Cluster>
</Object>
<Object>
<Name>ODE Simulator.lvlib:Base.lvclass</Name>
<NumLevels>2</NumLevels>
<Class>NI_Robotics_Simulator.lvlib:3D_Physics_Cylinder.lvclass</Class>
<Version>1.0.0.1</Version>
<Version>1.0.0.16</Version>
<Cluster>
<Name>3D_Physics_Base.lvclass</Name>
<NumElts>18</NumElts>
<String>
<Name>ID</Name>
<Val>Caster</Val>
</String>
<Cluster>
<Name>Position</Name>
<NumElts>3</NumElts>
<SGL>
<Name>X</Name>
<Val>0.00000</Val>
</SGL>
<SGL>
<Name>Y</Name>
<Val>0.12000</Val>
</SGL>
<SGL>
<Name>Z</Name>
<Val>-4.62000E-2</Val>
</SGL>
</Cluster>
<Cluster>
<Name>Rotation</Name>
<NumElts>2</NumElts>
<Cluster>
<Name>Axis</Name>
<NumElts>3</NumElts>
<SGL>
<Name>X</Name>
<Val>0.00000</Val>
</SGL>
<SGL>
<Name>Y</Name>
<Val>1.00000</Val>
</SGL>
<SGL>
<Name>Z</Name>
<Val>0.00000</Val>
</SGL>
</Cluster>
<SGL>
<Name>Angle</Name>
<Val>1.57000</Val>
</SGL>
</Cluster>
<SGL>
<Name>Mass</Name>
<Val>0.20000</Val>
</SGL>
<Array>
<Name>Mass Center</Name>
<Dimsize>0</Dimsize>
<SGL>
<Name>num</Name>
<Val></Val>
</SGL>
</Array>
<Array>
<Name>Inertia Matrix</Name>
<Dimsize>3</Dimsize>
<Dimsize>3</Dimsize>
<SGL>
<Name></Name>
<Val>0.00000</Val>
</SGL>
<SGL>
<Name></Name>
<Val>0.00000</Val>
</SGL>
<SGL>
<Name></Name>
<Val>0.00000</Val>
</SGL>
<SGL>
<Name></Name>
<Val>0.00000</Val>
</SGL>
<SGL>
<Name></Name>
<Val>0.00000</Val>
</SGL>
<SGL>
<Name></Name>
<Val>0.00000</Val>
</SGL>
<SGL>
<Name></Name>
<Val>0.00000</Val>
</SGL>
<SGL>
<Name></Name>
<Val>0.00000</Val>
</SGL>
<SGL>
<Name></Name>
<Val>0.00000</Val>
</SGL>
</Array>
<U16>
<Name>Material</Name>
<Val>9</Val>
</U16>
<Cluster>
<Name>Color</Name>
<NumElts>4</NumElts>
<SGL>
<Name>Red</Name>
<Val>1.00000</Val>
</SGL>
<SGL>
<Name>Green</Name>
<Val>1.00000</Val>
</SGL>
<SGL>
<Name>Blue</Name>
<Val>1.00000</Val>
</SGL>
<SGL>
<Name>Alpha</Name>
<Val>1.00000</Val>
</SGL>
</Cluster>
<Path>
<Name>Model File (.ive)</Name>
<Val>Environment - east ramp obstacleRSC\ive\rear_wheel.ive</Val>
</Path>
<Path>
<Name>Model File (.stl)</Name>
<Val></Val>
</Path>
<Path>
<Name>Texture File (.png)</Name>
<Val></Val>
</Path>
<String>
<Name>Sub-Space</Name>
<Val></Val>
</String>
<Boolean>
<Name>Kinematic</Name>
<Val>0</Val>
</Boolean>
<Boolean>
<Name>Visible</Name>
<Val>1</Val>
</Boolean>
<U16>
<Name>Draw Mode</Name>
<Val>1</Val>
</U16>
<Refnum>
<Name>3D Object</Name>
<RefKind>LV Object</RefKind>
<RefType>Scene</RefType>
<Val>0x78800FD3</Val>
</Refnum>
<Refnum>
<Name>ODE Body</Name>
<RefKind>Generic</RefKind>
<RefType>LVODE</RefType>
<Val>0x00000000</Val>
</Refnum>
<Array>
<Name>Visual Model Offset</Name>
<Dimsize>4</Dimsize>
<Dimsize>4</Dimsize>
<SGL>
<Name></Name>
<Val>1.00000</Val>
</SGL>
<SGL>
<Name></Name>
<Val>0.00000</Val>
</SGL>
<SGL>
<Name></Name>
<Val>0.00000</Val>
</SGL>
<SGL>
<Name></Name>
<Val>0.00000</Val>
</SGL>
<SGL>
<Name></Name>
<Val>0.00000</Val>
</SGL>
<SGL>
<Name></Name>
<Val>1.00000</Val>
</SGL>
<SGL>
<Name></Name>
<Val>0.00000</Val>
</SGL>
<SGL>
<Name></Name>
<Val>0.00000</Val>
</SGL>
<SGL>
<Name></Name>
<Val>0.00000</Val>
</SGL>
<SGL>
<Name></Name>
<Val>0.00000</Val>
</SGL>
<SGL>
<Name></Name>
<Val>1.00000</Val>
</SGL>
<SGL>
<Name></Name>
<Val>0.00000</Val>
</SGL>
<SGL>
<Name></Name>
<Val>0.00000</Val>
</SGL>
<SGL>
<Name></Name>
<Val>0.00000</Val>
</SGL>
<SGL>
<Name></Name>
<Val>0.00000</Val>
</SGL>
<SGL>
<Name></Name>
<Val>1.00000</Val>
</SGL>
</Array>
</Cluster>
<Cluster>
<Name>3D_Physics_Cylinder.lvclass</Name>
<NumElts>3</NumElts>
<SGL>
<Name>Height</Name>
<Val>1.00000E-2</Val>
</SGL>
<SGL>
<Name>Radius</Name>
<Val>1.16000E-2</Val>
</SGL>
<Refnum>
<Name>ODE Geometry</Name>
<RefKind>Generic</RefKind>
<RefType>LVODE</RefType>
<Val>0x00000000</Val>
</Refnum>
</Cluster>
</Object>
<Object>
<Name>ODE Simulator.lvlib:Base.lvclass</Name>
<NumLevels>2</NumLevels>
<Class>NI_Robotics_Simulator.lvlib:3D_Physics_Cylinder.lvclass</Class>
<Version>1.0.0.1</Version>
<Version>1.0.0.16</Version>
<Cluster>
<Name>3D_Physics_Base.lvclass</Name>
<NumElts>18</NumElts>
<String>
<Name>ID</Name>
<Val>Caster Axis</Val>
</String>
<Cluster>
<Name>Position</Name>
<NumElts>3</NumElts>
<SGL>
<Name>X</Name>
<Val>0.00000</Val>
</SGL>
<SGL>
<Name>Y</Name>
<Val>0.10000</Val>
</SGL>
<SGL>
<Name>Z</Name>
<Val>0.00000</Val>
</SGL>
</Cluster>
<Cluster>
<Name>Rotation</Name>
<NumElts>2</NumElts>
<Cluster>
<Name>Axis</Name>
<NumElts>3</NumElts>
<SGL>
<Name>X</Name>
<Val>0.00000</Val>
</SGL>
<SGL>
<Name>Y</Name>
<Val>0.00000</Val>
</SGL>
<SGL>
<Name>Z</Name>
<Val>1.00000</Val>
</SGL>
</Cluster>
<SGL>
<Name>Angle</Name>
<Val>0.00000</Val>
</SGL>
</Cluster>
<SGL>
<Name>Mass</Name>
<Val>0.20000</Val>
</SGL>
<Array>
<Name>Mass Center</Name>
<Dimsize>0</Dimsize>
<SGL>
<Name>num</Name>
<Val></Val>
</SGL>
</Array>
<Array>
<Name>Inertia Matrix</Name>
<Dimsize>3</Dimsize>
<Dimsize>3</Dimsize>
<SGL>
<Name></Name>
<Val>0.00000</Val>
</SGL>
<SGL>
<Name></Name>
<Val>0.00000</Val>
</SGL>
<SGL>
<Name></Name>
<Val>0.00000</Val>
</SGL>
<SGL>
<Name></Name>
<Val>0.00000</Val>
</SGL>
<SGL>
<Name></Name>
<Val>0.00000</Val>
</SGL>
<SGL>
<Name></Name>
<Val>0.00000</Val>
</SGL>
<SGL>
<Name></Name>
<Val>0.00000</Val>
</SGL>
<SGL>
<Name></Name>
<Val>0.00000</Val>
</SGL>
<SGL>
<Name></Name>
<Val>0.00000</Val>
</SGL>
</Array>
<U16>
<Name>Material</Name>
<Val>9</Val>
</U16>
<Cluster>
<Name>Color</Name>
<NumElts>4</NumElts>
<SGL>
<Name>Red</Name>
<Val>1.00000</Val>
</SGL>
<SGL>
<Name>Green</Name>
<Val>1.00000</Val>
</SGL>
<SGL>
<Name>Blue</Name>
<Val>1.00000</Val>
</SGL>
<SGL>
<Name>Alpha</Name>
<Val>1.00000</Val>
</SGL>
</Cluster>
<Path>
<Name>Model File (.ive)</Name>
<Val></Val>
</Path>
<Path>
<Name>Model File (.stl)</Name>
<Val></Val>
</Path>
<Path>
<Name>Texture File (.png)</Name>
<Val></Val>
</Path>
<String>
<Name>Sub-Space</Name>
<Val></Val>
</String>
<Boolean>
<Name>Kinematic</Name>
<Val>0</Val>
</Boolean>
<Boolean>
<Name>Visible</Name>
<Val>1</Val>
</Boolean>
<U16>
<Name>Draw Mode</Name>
<Val>1</Val>
</U16>
<Refnum>
<Name>3D Object</Name>
<RefKind>LV Object</RefKind>
<RefType>Scene</RefType>
<Val>0x7A300FB6</Val>
</Refnum>
<Refnum>
<Name>ODE Body</Name>
<RefKind>Generic</RefKind>
<RefType>LVODE</RefType>
<Val>0x00000000</Val>
</Refnum>
<Array>
<Name>Visual Model Offset</Name>
<Dimsize>4</Dimsize>
<Dimsize>4</Dimsize>
<SGL>
<Name></Name>
<Val>1.00000</Val>
</SGL>
<SGL>
<Name></Name>
<Val>0.00000</Val>
</SGL>
<SGL>
<Name></Name>
<Val>0.00000</Val>
</SGL>
<SGL>
<Name></Name>
<Val>0.00000</Val>
</SGL>
<SGL>
<Name></Name>
<Val>0.00000</Val>
</SGL>
<SGL>
<Name></Name>
<Val>1.00000</Val>
</SGL>
<SGL>
<Name></Name>
<Val>0.00000</Val>
</SGL>
<SGL>
<Name></Name>
<Val>0.00000</Val>
</SGL>
<SGL>
<Name></Name>
<Val>0.00000</Val>
</SGL>
<SGL>
<Name></Name>
<Val>0.00000</Val>
</SGL>
<SGL>
<Name></Name>
<Val>1.00000</Val>
</SGL>
<SGL>
<Name></Name>
<Val>0.00000</Val>
</SGL>
<SGL>
<Name></Name>
<Val>0.00000</Val>
</SGL>
<SGL>
<Name></Name>
<Val>0.00000</Val>
</SGL>
<SGL>
<Name></Name>
<Val>0.00000</Val>
</SGL>
<SGL>
<Name></Name>
<Val>1.00000</Val>
</SGL>
</Array>
</Cluster>
<Cluster>
<Name>3D_Physics_Cylinder.lvclass</Name>
<NumElts>3</NumElts>
<SGL>
<Name>Height</Name>
<Val>1.00000E-2</Val>
</SGL>
<SGL>
<Name>Radius</Name>
<Val>1.00000E-3</Val>
</SGL>
<Refnum>
<Name>ODE Geometry</Name>
<RefKind>Generic</RefKind>
<RefType>LVODE</RefType>
<Val>0x00000000</Val>
</Refnum>
</Cluster>
</Object>
</Array>
<Array>
<Name>Motors</Name>
<Dimsize>2</Dimsize>
<Object>
<Name>ODE Simulator.lvlib:Motor.lvclass</Name>
<NumLevels>1</NumLevels>
<Class>NI_Robotics_Simulator.lvlib:ODESimulator_Motor.lvclass</Class>
<Version>1.0.0.9</Version>
<Cluster>
<Name>ODESimulator_Motor.lvclass</Name>
<NumElts>4</NumElts>
<String>
<Name>ID</Name>
<Val>Left Motor</Val>
</String>
<Array>
<Name>Joints</Name>
<Dimsize>0</Dimsize>
<Cluster>
<Name>Rate Joint</Name>
<NumElts>4</NumElts>
<String>
<Name>ID</Name>
<Val></Val>
</String>
<DBL>
<Name>Rate</Name>
<Val></Val>
</DBL>
<EW>
<Name>Axis</Name>
<Choice>Axis1</Choice>
<Choice>Axis2</Choice>
<Choice>Axis3</Choice>
<Val></Val>
</EW>
<Refnum>
<Name>LVODE Joint</Name>
<RefKind>Generic</RefKind>
<RefType>LVODE</RefType>
<Val></Val>
</Refnum>
</Cluster>
</Array>
<Refnum>
<Name>Motor Controller</Name>
<RefKind>Generic</RefKind>
<RefType>LVODE</RefType>
<Val>0x00000000</Val>
</Refnum>
<Refnum>
<Name>Encoder</Name>
<RefKind>Generic</RefKind>
<RefType>LVODE</RefType>
<Val>0x00000000</Val>
</Refnum>
</Cluster>
</Object>
<Object>
<Name>ODE Simulator.lvlib:Motor.lvclass</Name>
<NumLevels>1</NumLevels>
<Class>NI_Robotics_Simulator.lvlib:ODESimulator_Motor.lvclass</Class>
<Version>1.0.0.9</Version>
<Cluster>
<Name>ODESimulator_Motor.lvclass</Name>
<NumElts>4</NumElts>
<String>
<Name>ID</Name>
<Val>Right Motor</Val>
</String>
<Array>
<Name>Joints</Name>
<Dimsize>0</Dimsize>
<Cluster>
<Name>Rate Joint</Name>
<NumElts>4</NumElts>
<String>
<Name>ID</Name>
<Val></Val>
</String>
<DBL>
<Name>Rate</Name>
<Val></Val>
</DBL>
<EW>
<Name>Axis</Name>
<Choice>Axis1</Choice>
<Choice>Axis2</Choice>
<Choice>Axis3</Choice>
<Val></Val>
</EW>
<Refnum>
<Name>LVODE Joint</Name>
<RefKind>Generic</RefKind>
<RefType>LVODE</RefType>
<Val></Val>
</Refnum>
</Cluster>
</Array>
<Refnum>
<Name>Motor Controller</Name>
<RefKind>Generic</RefKind>
<RefType>LVODE</RefType>
<Val>0x00000000</Val>
</Refnum>
<Refnum>
<Name>Encoder</Name>
<RefKind>Generic</RefKind>
<RefType>LVODE</RefType>
<Val>0x00000000</Val>
</Refnum>
</Cluster>
</Object>
</Array>
<Array>
<Name>Joints</Name>
<Dimsize>0</Dimsize>
<Object>
<Name>NI_Robotics_Simulator.lvlib:ODESimulator_Joint.lvclass</Name>
</Object>
</Array>
<Refnum>
<Name>3D Object</Name>
<RefKind>LV Object</RefKind>
<RefType>Scene</RefType>
<Val>0x71C00F70</Val>
</Refnum>
<Refnum>
<Name>Body</Name>
<RefKind>Generic</RefKind>
<RefType>LVODE</RefType>
<Val>0x00000000</Val>
</Refnum>
<U16>
<Name>Draw Mode</Name>
<Val>1</Val>
</U16>
</Cluster>
<Cluster>
</Cluster>
</Object>
</Array>
<Array>
<Name>Obstacles</Name>
<Dimsize>2</Dimsize>
<Object>
<Name>Base.lvclass</Name>
<NumLevels>2</NumLevels>
<Class>NI_Robotics_Simulator.lvlib:3D_Physics_Box.lvclass</Class>
<Version>1.0.0.1</Version>
<Version>1.0.0.16</Version>
<Cluster>
<Name>3D_Physics_Base.lvclass</Name>
<NumElts>18</NumElts>
<String>
<Name>ID</Name>
<Val>Board_O1</Val>
</String>
<Cluster>
<Name>Position</Name>
<NumElts>3</NumElts>
<SGL>
<Name>X</Name>
<Val>3.00000</Val>
</SGL>
<SGL>
<Name>Y</Name>
<Val>2.00000</Val>
</SGL>
<SGL>
<Name>Z</Name>
<Val>0.11000</Val>
</SGL>
</Cluster>
<Cluster>
<Name>Rotation</Name>
<NumElts>2</NumElts>
<Cluster>
<Name>Axis</Name>
<NumElts>3</NumElts>
<SGL>
<Name>X</Name>
<Val>8.68266E-2</Val>
</SGL>
<SGL>
<Name>Y</Name>
<Val>-8.68266E-2</Val>
</SGL>
<SGL>
<Name>Z</Name>
<Val>-0.99243</Val>
</SGL>
</Cluster>
<SGL>
<Name>Angle</Name>
<Val>1.57839</Val>
</SGL>
</Cluster>
<SGL>
<Name>Mass</Name>
<Val>100.00000</Val>
</SGL>
<Array>
<Name>Mass Center</Name>
<Dimsize>3</Dimsize>
<SGL>
<Name>num</Name>
<Val>0.00000</Val>
</SGL>
<SGL>
<Name>num</Name>
<Val>0.00000</Val>
</SGL>
<SGL>
<Name>num</Name>
<Val>0.00000</Val>
</SGL>
</Array>
<Array>
<Name>Inertia Matrix</Name>
<Dimsize>3</Dimsize>
<Dimsize>3</Dimsize>
<SGL>
<Name></Name>
<Val>0.00000</Val>
</SGL>
<SGL>
<Name></Name>
<Val>0.00000</Val>
</SGL>
<SGL>
<Name></Name>
<Val>0.00000</Val>
</SGL>
<SGL>
<Name></Name>
<Val>0.00000</Val>
</SGL>
<SGL>
<Name></Name>
<Val>0.00000</Val>
</SGL>
<SGL>
<Name></Name>
<Val>0.00000</Val>
</SGL>
<SGL>
<Name></Name>
<Val>0.00000</Val>
</SGL>
<SGL>
<Name></Name>
<Val>0.00000</Val>
</SGL>
<SGL>
<Name></Name>
<Val>0.00000</Val>
</SGL>
</Array>
<U16>
<Name>Material</Name>
<Val>9</Val>
</U16>
<Cluster>
<Name>Color</Name>
<NumElts>4</NumElts>
<SGL>
<Name>Red</Name>
<Val>0.64706</Val>
</SGL>
<SGL>
<Name>Green</Name>
<Val>0.75294</Val>
</SGL>
<SGL>
<Name>Blue</Name>
<Val>0.79608</Val>
</SGL>
<SGL>
<Name>Alpha</Name>
<Val>1.00000</Val>
</SGL>
</Cluster>
<Path>
<Name>Model File (.ive)</Name>
<Val></Val>
</Path>
<Path>
<Name>Model File (.stl)</Name>
<Val></Val>
</Path>
<Path>
<Name>Texture File (.png)</Name>
<Val></Val>
</Path>
<String>
<Name>Sub-Space</Name>
<Val></Val>
</String>
<Boolean>
<Name>Kinematic</Name>
<Val>1</Val>
</Boolean>
<Boolean>
<Name>Visible</Name>
<Val>1</Val>
</Boolean>
<U16>
<Name>Draw Mode</Name>
<Val>1</Val>
</U16>
<Refnum>
<Name>3D Object</Name>
<RefKind>LV Object</RefKind>
<RefType>Scene</RefType>
<Val>0x70600F66</Val>
</Refnum>
<Refnum>
<Name>ODE Body</Name>
<RefKind>Generic</RefKind>
<RefType>LVODE</RefType>
<Val>0x00000000</Val>
</Refnum>
<Array>
<Name>Visual Model Offset</Name>
<Dimsize>4</Dimsize>
<Dimsize>4</Dimsize>
<SGL>
<Name></Name>
<Val>1.00000</Val>
</SGL>
<SGL>
<Name></Name>
<Val>0.00000</Val>
</SGL>
<SGL>
<Name></Name>
<Val>0.00000</Val>
</SGL>
<SGL>
<Name></Name>
<Val>0.00000</Val>
</SGL>
<SGL>
<Name></Name>
<Val>0.00000</Val>
</SGL>
<SGL>
<Name></Name>
<Val>1.00000</Val>
</SGL>
<SGL>
<Name></Name>
<Val>0.00000</Val>
</SGL>
<SGL>
<Name></Name>
<Val>0.00000</Val>
</SGL>
<SGL>
<Name></Name>
<Val>0.00000</Val>
</SGL>
<SGL>
<Name></Name>
<Val>0.00000</Val>
</SGL>
<SGL>
<Name></Name>
<Val>1.00000</Val>
</SGL>
<SGL>
<Name></Name>
<Val>0.00000</Val>
</SGL>
<SGL>
<Name></Name>
<Val>0.00000</Val>
</SGL>
<SGL>
<Name></Name>
<Val>0.00000</Val>
</SGL>
<SGL>
<Name></Name>
<Val>0.00000</Val>
</SGL>
<SGL>
<Name></Name>
<Val>1.00000</Val>
</SGL>
</Array>
</Cluster>
<Cluster>
<Name>3D_Physics_Box.lvclass</Name>
<NumElts>4</NumElts>
<SGL>
<Name>Length X</Name>
<Val>1.50000</Val>
</SGL>
<SGL>
<Name>Length Y</Name>
<Val>4.00000</Val>
</SGL>
<SGL>
<Name>Length Z</Name>
<Val>1.00000E-2</Val>
</SGL>
<Refnum>
<Name>ODE Geometry</Name>
<RefKind>Generic</RefKind>
<RefType>LVODE</RefType>
<Val>0x00000000</Val>
</Refnum>
</Cluster>
</Object>
<Object>
<Name>Base.lvclass</Name>
<NumLevels>2</NumLevels>
<Class>NI_Robotics_Simulator.lvlib:3D_Physics_Box.lvclass</Class>
<Version>1.0.0.1</Version>
<Version>1.0.0.16</Version>
<Cluster>
<Name>3D_Physics_Base.lvclass</Name>
<NumElts>18</NumElts>
<String>
<Name>ID</Name>
<Val>Box_O0</Val>
</String>
<Cluster>
<Name>Position</Name>
<NumElts>3</NumElts>
<SGL>
<Name>X</Name>
<Val>3.00000</Val>
</SGL>
<SGL>
<Name>Y</Name>
<Val>2.00000</Val>
</SGL>
<SGL>
<Name>Z</Name>
<Val>0.20000</Val>
</SGL>
</Cluster>
<Cluster>
<Name>Rotation</Name>
<NumElts>2</NumElts>
<Cluster>
<Name>Axis</Name>
<NumElts>3</NumElts>
<SGL>
<Name>X</Name>
<Val>0.00000</Val>
</SGL>
<SGL>
<Name>Y</Name>
<Val>-1.00000</Val>
</SGL>
<SGL>
<Name>Z</Name>
<Val>0.00000</Val>
</SGL>
</Cluster>
<SGL>
<Name>Angle</Name>
<Val>0.17453</Val>
</SGL>
</Cluster>
<SGL>
<Name>Mass</Name>
<Val>110000.00000</Val>
</SGL>
<Array>
<Name>Mass Center</Name>
<Dimsize>3</Dimsize>
<SGL>
<Name>num</Name>
<Val>0.00000</Val>
</SGL>
<SGL>
<Name>num</Name>
<Val>0.00000</Val>
</SGL>
<SGL>
<Name>num</Name>
<Val>0.00000</Val>
</SGL>
</Array>
<Array>
<Name>Inertia Matrix</Name>
<Dimsize>3</Dimsize>
<Dimsize>3</Dimsize>
<SGL>
<Name></Name>
<Val>0.00000</Val>
</SGL>
<SGL>
<Name></Name>
<Val>0.00000</Val>
</SGL>
<SGL>
<Name></Name>
<Val>0.00000</Val>
</SGL>
<SGL>
<Name></Name>
<Val>0.00000</Val>
</SGL>
<SGL>
<Name></Name>
<Val>0.00000</Val>
</SGL>
<SGL>
<Name></Name>
<Val>0.00000</Val>
</SGL>
<SGL>
<Name></Name>
<Val>0.00000</Val>
</SGL>
<SGL>
<Name></Name>
<Val>0.00000</Val>
</SGL>
<SGL>
<Name></Name>
<Val>0.00000</Val>
</SGL>
</Array>
<U16>
<Name>Material</Name>
<Val>8</Val>
</U16>
<Cluster>
<Name>Color</Name>
<NumElts>4</NumElts>
<SGL>
<Name>Red</Name>
<Val>1.00000</Val>
</SGL>
<SGL>
<Name>Green</Name>
<Val>0.00000</Val>
</SGL>
<SGL>
<Name>Blue</Name>
<Val>0.00000</Val>
</SGL>
<SGL>
<Name>Alpha</Name>
<Val>1.00000</Val>
</SGL>
</Cluster>
<Path>
<Name>Model File (.ive)</Name>
<Val></Val>
</Path>
<Path>
<Name>Model File (.stl)</Name>
<Val></Val>
</Path>
<Path>
<Name>Texture File (.png)</Name>
<Val></Val>
</Path>
<String>
<Name>Sub-Space</Name>
<Val></Val>
</String>
<Boolean>
<Name>Kinematic</Name>
<Val>1</Val>
</Boolean>
<Boolean>
<Name>Visible</Name>
<Val>1</Val>
</Boolean>
<U16>
<Name>Draw Mode</Name>
<Val>1</Val>
</U16>
<Refnum>
<Name>3D Object</Name>
<RefKind>LV Object</RefKind>
<RefType>Scene</RefType>
<Val>0x71100F6B</Val>
</Refnum>
<Refnum>
<Name>ODE Body</Name>
<RefKind>Generic</RefKind>
<RefType>LVODE</RefType>
<Val>0x00000000</Val>
</Refnum>
<Array>
<Name>Visual Model Offset</Name>
<Dimsize>4</Dimsize>
<Dimsize>4</Dimsize>
<SGL>
<Name></Name>
<Val>1.00000</Val>
</SGL>
<SGL>
<Name></Name>
<Val>0.00000</Val>
</SGL>
<SGL>
<Name></Name>
<Val>0.00000</Val>
</SGL>
<SGL>
<Name></Name>
<Val>0.00000</Val>
</SGL>
<SGL>
<Name></Name>
<Val>0.00000</Val>
</SGL>
<SGL>
<Name></Name>
<Val>1.00000</Val>
</SGL>
<SGL>
<Name></Name>
<Val>0.00000</Val>
</SGL>
<SGL>
<Name></Name>
<Val>0.00000</Val>
</SGL>
<SGL>
<Name></Name>
<Val>0.00000</Val>
</SGL>
<SGL>
<Name></Name>
<Val>0.00000</Val>
</SGL>
<SGL>
<Name></Name>
<Val>1.00000</Val>
</SGL>
<SGL>
<Name></Name>
<Val>0.00000</Val>
</SGL>
<SGL>
<Name></Name>
<Val>0.00000</Val>
</SGL>
<SGL>
<Name></Name>
<Val>0.00000</Val>
</SGL>
<SGL>
<Name></Name>
<Val>0.00000</Val>
</SGL>
<SGL>
<Name></Name>
<Val>1.00000</Val>
</SGL>
</Array>
</Cluster>
<Cluster>
<Name>3D_Physics_Box.lvclass</Name>
<NumElts>4</NumElts>
<SGL>
<Name>Length X</Name>
<Val>0.20000</Val>
</SGL>
<SGL>
<Name>Length Y</Name>
<Val>0.20000</Val>
</SGL>
<SGL>
<Name>Length Z</Name>
<Val>0.20000</Val>
</SGL>
<Refnum>
<Name>ODE Geometry</Name>
<RefKind>Generic</RefKind>
<RefType>LVODE</RefType>
<Val>0x00000000</Val>
</Refnum>
</Cluster>
</Object>
</Array>
<String>
<Name>Simulation Instance GUID</Name>
<Val>Return a GUID</Val>
</String>
<Cluster>
<Name>Position</Name>
<NumElts>3</NumElts>
<DBL>
<Name>Longitude (deg)</Name>
<Val>37.79999900000000</Val>
</DBL>
<DBL>
<Name>Latitude (deg)</Name>
<Val>-122.30999799999999</Val>
</DBL>
<DBL>
<Name>Altitude (m)</Name>
<Val>220.00000000000000</Val>
</DBL>
</Cluster>
<Cluster>
<Name>Gravity</Name>
<NumElts>3</NumElts>
<DBL>
<Name>X</Name>
<Val>0.00000000000000</Val>
</DBL>
<DBL>
<Name>Y</Name>
<Val>0.00000000000000</Val>
</DBL>
<DBL>
<Name>Z</Name>
<Val>-9.80000000000000</Val>
</DBL>
</Cluster>
<Array>
<Name>Sub-Space</Name>
<Dimsize>0</Dimsize>
<Cluster>
<Name>Sub-Space</Name>
<NumElts>2</NumElts>
<String>
<Name>ID</Name>
<Val></Val>
</String>
<Refnum>
<Name>Space</Name>
<RefKind>Generic</RefKind>
<RefType>LVODE</RefType>
<Val></Val>
</Refnum>
</Cluster>
</Array>
<U16>
<Name>Draw Mode</Name>
<Val>1</Val>
</U16>
<EW>
<Name>Status</Name>
<Choice>Running</Choice>
<Choice>Pause</Choice>
<Choice>Reset</Choice>
<Choice>Stop</Choice>
<Val>0</Val>
</EW>
<Refnum>
<Name>Status Notifier</Name>
<RefKind>Notifier</RefKind>
<Val>0x00000000</Val>
</Refnum>
<Refnum>
<Name>Sync Notifier</Name>
<RefKind>Notifier</RefKind>
<Val>0x00000000</Val>
</Refnum>
<Refnum>
<Name>Sync Queue</Name>
<RefKind>Queue</RefKind>
<Val>0x00000000</Val>
</Refnum>
</Cluster>
</Object>
</LVData>